序号,招式,描述,益处,注意事项,常见问题
0,屈肘下犬式,1.猫式进入2、双手向前移动半个手掌，屈双肘掌心小臂贴向地面，脚尖点地3、呼气时，臀部向上双膝伸直，低头眼睛看向双脚之间4、保持5-8次呼吸，或者更长5、吸气抬头，呼气屈膝跪地，双臂伸直回到猫式,1.增加手臂及上背部力量。2、伸展腿部后侧N胂肌。3、可防止体内器官下垂以及皮肤松弛。4、平静大脑，缓解精神疲劳感，有效的帮助放松。5、为难度更高的蝎子式、头倒立、手倒立等体式做准备,"1.如怀孕后期,或是后背,胯部,肩膀,手腕有病症、腹泻、血压异常或患有眩晕病的人群请勿练习。2.生理期的女性可抬头看双掌间，不要低头。",拱背，脊柱没有伸展。解决方式：启动肩胛区域的背阔肌上提。脚跟踩不到地面。解决方式：微屈双膝，脚跟抬高，腰背部挺直向上。
1,下犬式,"1.从婴儿式进入2、吸气抬头脚趾回勾3、呼气,提臀向上,让臀部朝向天花板4、手指大大张开,让臀部向上提，延展背部，大腿前侧肌肉上提5、双手、双脚与胯同宽,脚跟向下,舒展腋窝6、放松颈部,头部自然垂悬,眼睛看向大腿之间7、保持5-8个呼吸。8、吸气，抬头膝盖落地,回到婴儿式",1.拉伸腿部后侧及跟腱，舒展背部及腰部两侧。2.帮助运动跑步者提高速度，使腿部变得轻盈，强化全身力量。3.缓解肩关节炎症，脚后跟的僵硬和疼痛，增强脚踝稳定性。4.平静大脑，缓解精神疲劳感，有效的帮助放松。5.可防止体内器官下垂以及皮肤松弛。还可缓解皮肤松弛。6.此体式为高难度倒立类体式做准备。,"1.如在怀孕后期,或是后背,胯部,肩膀,手腕有病症、腹泻、血压异常或患有眩晕病的人群请勿练习。2.生理期的女性可抬头看双掌间，不要低头。",拱背，脊柱没有伸展。解决方式：启动肩胛区域的背阔肌上提。脚跟踩不到地面。解决方式：微屈双膝，脚跟抬高，腰背部挺直向上。
2,下犬式扭转,1.从下犬式开始2、呼气，抬右手抓住你得左脚脚踝外侧3、把手抓较低的位置，自己的极限保持4、左手用力向下推垫子5、保持30秒到1分钟6、吸气，恢复下犬式,1.拉伸腿部后侧及跟腱，舒展背部及腰部两侧。2.帮助运动跑步者提高速度，使腿部变得轻盈，强化全身力量。3.缓解肩关节炎症，脚后跟的僵硬和疼痛，增强脚踝稳定性。4.帮助平静大脑，缓解精神疲劳感，有效的帮助放松。5.可防止体内器官下垂以及皮肤松弛。还可缓解皮肤松弛。,"1.如怀孕后期,或是后背,胯部,肩膀,手腕有病症、腹泻、血压异常或患有眩晕病的人群请勿练习。2.生理期的女性抬头看双掌间，不要低头。",下方支撑手向前滑。解决方式：1.下方手推砖保持。2.将下方手虎口位置压实地面。
3,蜥蜴式,1.从下犬式进入2、吸气，将右脚向前迈到右手外侧，膝盖与踝关节垂直，脚尖向外45度。3、呼气，将你的左膝着地，脚背贴地。4、吸气，延展背部。5、呼气，弯曲你的手肘于地面，骨盆自然下沉，右脚掌平坦地踩在垫子上。6、保持5-8个呼吸。7、吸气，双手掌心压实垫子。呼气，把你的右脚向后回到下犬式。,1.深度的伸展髋部、后腿肌腱和大腿前侧（股四头肌）。2.促进骨盆区域的血液循环，缓解女性妇科疾病及经期不畅。3.达到身心放松、头脑平静。,"如怀孕后期,或是胯部,膝关节、手腕有病症、血压异常或患有眩晕病的人群请勿练习。",拱背向上，脊柱没有向前伸展。解决方式：可将双手下方垫毛毯来练习，或者双手掌撑地，确保脊柱挺直向前。
4,低弓箭步扭转,1.由下犬式进入。2、吸气，右脚向前迈至两手之间，膝盖位于脚踝正上方。3、呼气，左膝压在瑜伽垫上。4、吸气，双臂举过头顶，掌心相对，左手放在右膝盖外侧，右手扶后腿。6、呼气，手掌轻推前膝，轻轻扭转右后方，眼睛看右肩方向。7、保持5-8个呼吸。8、吸气，松开双手，身体回正；呼气，将双手置于右脚两侧压地，撤右腿向后回到下犬式。,1.拉伸髋部、大腿、腹股沟部位的肌肉，舒展胸部。2.加强肩部、上背部、核心肌群、大腿和脚踝力量。3.缓解背部的僵硬感及颈椎病。4.助消化系统、按摩内脏及缓解身心的疲惫感。,如有膝盖、髋部、背部或肩部有病症及不适，请勿练习。,问：后膝压力过大，怎么解决？答：可以在膝盖下方垫上毛毯来缓解。
5,半猴式,1.下犬式进入2、吸气，迈右脚向前到双掌间，屈右膝3、呼气，左膝、脚背落地（臀部与膝盖上下垂直）双手指尖点地4、吸气，前方膝盖伸直5、重心后移到左膝6、吸气，胸腔向前带动背部延伸7、呼气，屈肘身体折髋向下，额头贴向小腿8、保持5-8次呼吸9、吸气抬头，双手掌心压地，呼气后脚趾回勾，前腿向后撤回到下犬式,1.深度的拉伸腿后侧的肌腱和后背部；2.帮助达到身心放松、头脑平静；3.此体式为高级神猴式做准备。,"1.如在怀孕后期,或是后背,胯部,手腕有病症、血压异常或患有眩晕病的人群请勿练习；2.如果髋部和膝盖有病症，请勿练习。",前腿无法伸直？解决方式：可根据自身情况保持微屈膝。后膝压力过大，出现疼痛？解决方式：后膝下方垫毛毯。
6,低弓箭步后仰,1.由下犬式进入；2.右脚向前迈，踩在两手之前，确保膝盖位于脚踝正上方；3.左膝压在垫子上；4.吸气，躯干挺直，双臂举过头顶，双手合十；5.慢慢地打开胸腔，尽力后仰，进入后仰姿势。6.持续前推尾椎骨，缓解下背部的压力。7.保持5-8个呼吸。8.退出体式时，吸气的同时直立上身，呼气，将双手分置于前脚两侧，回归下犬式。,1.充分拉伸大腿、髋部、腹部、胸部和肩部。2.增强上背部与核心肌群的力量。3.提升脊柱的柔韧度。4.帮助舒展腋窝淋巴系统，缓解肩颈疾病，还可舒展胸部和心脏部位，刺激肾脏和肾上腺,如有膝盖、髋部、背部或肩部有病症及不适，请勿练习。,后膝压力过大，出现不适和疼痛。解决方式：1.后膝下方垫毛毯或毛巾。2.后脚背向下推地或脚趾回钩蹬地，启动膝盖周边肌群，保护膝关节。
7,低弓箭步,1.由下犬式进入；2.左脚向前迈到两手之间，确保膝盖位于脚踝正上方；3.右膝放于垫子上；4.吸气，躯干挺直，双臂举过头顶，掌心相对；5.尾椎向地板延伸，放松肩部，目视前方；6.髋部尽力向下沉；7.保持5-8个呼吸；8.退出体式时，呼气，将双手放于前脚两侧，前脚向后撤回到下犬式。,1.充分拉伸大腿、髋部、腹部、胸部和肩部。2.增强上背部与核心肌群的力量。3.缓解肩颈疾病，还可舒展胸部和心脏部位，刺激肾脏和肾上腺。,如有膝盖、髋部、或肩部有病症及不适，请勿练习。,后膝压力过大，出现不适和疼痛。解决方式：1.后膝下方垫毛毯或毛巾。2.后脚背向下推地或脚趾回钩蹬地，启动膝盖周边肌群，保护膝关节。
8,单腿下蹲,1.双角式进入；2.呼气，上半身前屈，手指指尖触碰地面；3.将重心转移到右脚上；4.弯曲右膝，臀部向右脚方向移动；5.挺直躯干，双手合十于胸前；6.伸展左腿，放松肩膀；7.保持几次呼吸的时间；8.退出体式时，伸直双腿，吸气的同时回到站姿。,1.拉伸大腿内侧机髋关节；2.增强腿部力量；3.舒展腋窝及淋巴系统及肩颈疾病，也可以舒展胸部和心脏部位，刺激肾脏和肾上腺。,如膝盖、脚踝或髋部有病症及不适，请勿练习。,上身躯干，重心过于向前倾。解决方式：提胸腔向上，脊背挺直垂直于地面。
9,加强侧伸展式,1.下犬式进入；2.吸气右腿向前迈到双手之间，调整髋部两边保持平行；3.双腿自然伸直，后脚跟用力向下踩地；4.吸气时，胸腔向前延展脊柱，呼气时放松上半身折髋向下，俯在前腿上方；5.额头贴近左腿胫骨，双手放于小腿两侧；6.保持5-8个呼吸；7.退出体式时，前腿向后回到下犬式。,1.深度拉伸腿部后侧与后背部。2.增强腿部与腹部的力量。3.可防止体内器官下垂以及皮肤松弛。4.平静大脑，缓解精神疲劳感，有效的帮助放松。,如膝盖、髋部或背部有病状不适感的人群，请勿练习。,"双腿无法伸直,重心不稳定。解决方式：根据自身的情况选择动作的幅度大小。拱背，脊柱没有延展向下。解决方式：双手推瑜伽砖将腿伸直，腰背部挺直向前保持此体式"
10,抱肘前屈式,1.山式站立进入；2.呼气，上身从髋部向下；3.弯曲膝盖，双手抱住手肘，身体保持放松；4.上身随意向两侧摆动，前后转移重心；5.保持5-8个呼吸。或者更长。6.退出体式时，吸气，缓缓地抬起上身，回到山式。,1.舒缓地拉伸背部后侧，及腿后侧和腰背部。2.缓解腰背部的紧张感与压力。3.可防止体内器官下垂以及皮肤松弛。4.平静大脑，缓解精神疲劳感，有效的帮助放松。,如背部疼痛或有病症及不适的人群，请勿练习。,双腿后侧伸不直？解决方式：根据自身的柔韧情况调整膝盖幅度，初级学员屈膝也是可以的，感受腿后侧有伸展即可。
11,起跑式,"1.山式站立进入；2.呼气后前屈,让指尖点地；3.右脚向后撤,确保左膝在左脚踝正上方；4.吸气时，延长脊柱,并用力伸展右腿，脚跟与地面垂直；5.保持5-8次呼吸；6.退出体式时,收回右腿,吸气时起身回到山式。","1.伸展髋部和整个脊柱。2.增强脚踝,大腿,腹股沟和后背部肌肉力量。3.增强身体的平衡感。",如胯部或膝盖、脚踝有病症及不适的人群，请勿练习。,后腿无力，重心不均衡？解决方式：关注呼吸，有意识将后腿伸直上提。拱背，脊柱延展不充分？解决方式：手扶瑜伽砖辅助，使背部充分延展。
12,侧平板单腿伸展式,1.板式进入；2.用左脚外侧支撑身体，向右侧转身，进入侧平板支撑；3.右脚趾在身体后方触垫，左脚脚趾向外扭转45度，脚底踩在地面上，抬高臀部；4.弯曲右膝盖，踩在左膝前方；5.用右手的食指与中指勾住右脚大脚指；6.慢慢将右腿伸直向上，指向天花板，凝视上方脚趾；7.保持5-8次呼吸；8.退出体式时，呼气，松开上方手指，回到板式。,1.充分拉伸髋部，大腿内侧和腹股沟肌肉。2.增强手腕、手臂、肩膀和核心肌群的力量。3.提升平衡感和专注力。,如髋部、手腕、手肘、肩膀有病症及不适的人群，请勿练习。,重心不稳定，怎么办？解决方式：根据自身情况来选择动作的幅度大小。手腕压力过大？解决方式：平衡需要更加专注呼吸。
13,站立体前屈,"1.山式站立进入；2.吸气,手臂上举过头顶;呼气,从髋部折髋向下,将上身躯干找向双腿；3.让坐骨朝向天花板的同时,延长你的脊柱；4.如果可以的话,双手抓住小腿或脚踝；5.带着觉知,保持呼吸顺畅,并加深体式,伸展你的N绳肌和后背；6.保持5-8个呼吸；7.退出体式时,吸气双手引领身体向上站立起来，回到山式站立。",1.拉伸大腿后侧肌群和下背部，缓解下背部的挤压。2.可防止体内器官下垂以及皮肤松弛。3.平静大脑，缓解精神疲劳感，有效的帮助放松。,如背部或胯部有病症或不适感，请勿练习。,严重拱背。解决方式：可微屈膝，背部要延展向下，感受身体有拉伸感即可。额头贴不到小腿。解决方式：根据自身的情况调整幅度，不要勉强。双膝后侧无法伸直。解决方式：根据自身的情况调整幅度，不要勉强。
14,简易侧平板支撑,1.双手双脚着地，屈膝跪立于垫子上进入；2.左脚向左后方打开，重心转移到左膝和左手上；3.右脚后撤，伸直右腿；4.向右侧扩展身体，右髋在左髋之上，面向侧面墙壁；5.右脚内侧着地；6.右臂伸展，指向天花板，转动头部，目视上方指尖；7.保持5-8次呼吸；8.退出体式时，呼气，右手落回地面，回到四肢着地式。,1.增强手腕、手臂、肩膀和核心肌群的力量。2.提升平衡感和专注力。3.此体式为中级（侧平板支撑式）及高级（侧平板单腿伸展式）做准备。,如手腕、肩膀、膝盖（下方可垫毛毯）有病症或不适感，请勿练习。,下方膝盖压力过大。解决方式：膝盖下方垫毛毯或毛巾。
15,半站立前屈,"1.山式站立；2.呼气,前屈折叠,指尖碰到地面；3.延长脊柱,眼睛向下看；4.保持5-8呼吸；5.退出体式时,吸气,回到山式。","1.轻柔伸展胯部,N绳肌和下背部；2.伸展整个脊柱。",1.如髋部或下背部有病症及不适的人群，请勿练习；2.生理期的女性，请勿练习。,双手触不到地面。解决方式：双手可扶小腿前侧，做到有伸展感即可。
16,站立前屈-开肩式,"1.山式站立进入；2.双手与背后十指交扣，吸气胸腔向上延展；3.呼气,从髋部折髋向下,来到站立体前屈，手臂自然垂向地板的方向；4.两个肩胛骨向中间靠拢,放松颈部；5.保持5-8个呼吸；6.退出体式时,松开双手,吸气起身,回到山式。","1.深度延展N绳肌群,下背部,手臂及肩部。2.减少下背部的挤压3.可防止体内器官下垂以及皮肤松弛。4.平静大脑，缓解精神疲劳感，有效的帮助放松。",1.如膝关节、髋关节有病症及不适的人群，请勿练习。2.生理期的女性，请勿练习。,额头贴不到小腿。解决方式：根据自身的情况可微屈膝，感受身体有拉伸感即可。手臂无法伸直。解决方式：双手抓伸展带，增加肩部区域的空间。
17,单腿屈膝下犬式,1.由下犬式进入；2.双脚并拢；3.吸气，抬起左腿向上伸直，脚掌心找向天花板；4.慢慢地将髋转向左侧，使左髋位于右髋的正上方；5.左膝自由弯曲；6.双手和站立腿脚后跟不断下压；7.保持5-8个呼吸；8.退出体式时，呼气，胯部回归水平位置，左脚放下来，回到下犬式。,1.充分拉伸腿筋、髋部和腹股沟肌肉。2.拉伸背部、胸部、肩膀、大腿、小腿肌肉与跟腱。3.提升平衡感和专注力。4.可防止体内器官下垂以及皮肤松弛。5.平静大脑，缓解精神疲劳感，有效的帮助放松。,1.如处于孕晚期或背部、髋部、肩膀或手腕有病症及不适的人群，请勿练习。2.生理期的女性，请勿练习。,上方胯部向外翻转困难。解决方式：做到自己的极限即可，初学者可适当减少幅度
18,单腿下犬式,1.由下犬式进入；2.双脚并拢；3.吸气，抬起伸展右腿向上，脚掌心朝向天花板；4.确保肩部和胯部的水平，左脚脚后跟尽力下压；5.放松颈部，头部自然下垂或目视下方腿；6.保持5-8个呼吸；7.退出体式时，呼气，放下右脚回到垫子上，还原下犬式。,1.拉伸背部、胸部、肩膀、腿筋、腹股沟肌肉、小腿肌肉与跟腱。2.增强整个上半身、臀肌和大腿的力量。3.提升平衡感和专注力。,1.如处于孕晚期或背部、髋部、肩膀或手腕有病症及不适的人群，请勿练习。2.生理期的女性，请勿练习。,上方髋部外翻。解决方式：将上方髋部向下降低，保持骨盆中正。
19,敬礼式,1.山式站立进入；2.双脚打开，距离略宽于髋部；3.呼气，弯曲双膝，用臀部去找向后脚跟；4.大腿向两侧分开，略宽于躯干，身体前倾，上半身夹在大腿之间；5.双手在胸前合十，手肘抵住膝盖内侧，更好地拉伸髋部；6.臀部下沉，拉伸脊柱，肩膀放松；7.保持5-8个呼吸；8.结束时，吸气，双脚用力踩地，手扶髋，身体直立回到山式站立。,1.充分拉伸髋部和腹股沟肌肉。2.增强脚踝、核心肌群、肩膀和背部的力量。3.促进骨盆区域的血液循环。4.有利于孕妇更好的顺产。,如背部、髋部或膝盖有病症及不适的人群，请勿练习。,拱背，重心偏向后。解决方式：提胸腔向上，脊柱向上伸展。
20,双角A,1.双脚分开一条腿长距离，宽距站姿进入；2.脚后跟向外侧微分开；3.呼气，上身折髋向下，手掌放在肩膀正下方的垫子上；4.目视地板，吸气的同时，头顶向前和尾椎骨向后分别向两个方向伸展；5.呼气，双手后撤，来到两脚之间，弯曲肘部，直到上臂与地板平行；6.保持5-8个呼吸；7.退出体式时，双手扶在髋部，吸气时，收紧臀部起身向上。,1.拉伸腿筋、腹股沟肌肉、髋部和腰背部。2.增强臀部、腿部和脚踝的力量。3.改善消化系统功能，防止皮肤、面部及内脏下垂。4.消除失眠，镇静神经系统。,如腰背部或髋部有病症及不适和高血压、心脏病的人群，请勿练习。,头部触不到地面。解决方式：根据自身的情况，做到自己的极限即可。双肘向两侧打开。解决方式：双肘向内收垂直于肩部
21,敬礼式扭转,1.由宽距深蹲式进入；2.吸气，左臂抬起，伸到背后，肩膀向左侧伸展；3.右臂环绕住右腿；4.右手在背后抓住左手手腕，目光看向左上方；5.保持5-8个呼吸；6.退出体式时，吸气松开双手，呼气，身体还原换边。,1.充分拉伸髋部和腹股沟肌肉。2.增强脚踝、核心肌群、肩膀和背部的力量。3.缓解僵硬的背部。,如肩膀、背部、髋部或膝盖有病症及不适的人群，请勿练习。,双手无法相扣在一起。解决方式：双手抓伸展带来保持
22,双角式A扭转前屈式,1.双脚分开一条腿长的距离，宽距站姿进入；2.脚后跟向外侧微分开；3.呼气，上身折髋向下，手掌放在肩膀正下方的垫子上；4.目视地板，吸气的同时，头顶向前和尾椎骨向后分别向两个方向伸展；5.左手手掌移动到面部下方，向右侧扭转上半身的同时打开胸腔，右臂向上伸直于地面垂直，指向天花板；6.慢慢转头，看向上方右手指尖；7.确保两边臀部平行；8.保持5-8个呼吸；9.退出体式时，呼气，颈部、肩部和腹部慢慢地回正，双手先落地扶在髋部，吸气，后背挺直，微屈膝收紧臀部，起身向上回到山式站姿。,1.拉伸腿筋、腹股沟肌肉、髋部和腰背部、灵活肩部。2.增强臀部、腿部和脚踝的力量。3.改善消化系统功能，防止皮肤、面部及内脏下垂。4.消除失眠，镇静神经系统。,如腰背部或髋部有病症及不适和高血压、心脏病的人群，请勿练习。,臀部不在一条水平线上。解决方式：在扭转时，控制臀部不动，在向上扭转。
23,双角变体式,1.双脚分开一条腿长距离，宽距站姿进入；2.呼气，上身折髋向下，手掌放在肩膀正下方的垫子上；3.双手移向左脚，握住脚部或小腿；4.胸部贴近左腿，确保两只脚均匀受力；5.保持5-8个呼吸；6.结束时，双手回到中心处，吸气的同时回到山式站姿。,1.拉伸腿筋、腹股沟肌肉、髋部和腰背部。2.增强臀部、腿部和脚踝的力量。3.改善消化系统功能，防止皮肤、面部及内脏下垂。4.消除失眠，镇静神经系统。,如腰背部或髋部有病症及不适和高血压、心脏病的人群，请勿练习,臀部不在一条水平线上。解决方式：在扭转时，控制臀部不动，在向一侧扭转。
24,双角式C,1.山式站立进；2.脚后跟向外打开，双手扶髋；3.吸气时双手到背后十指交叉胸腔上提，呼气时身体前屈；4.双手在背后扣实，双臂放松，自然垂向地面；5.两边肩胛骨向中线夹，放松颈部；6.保持5-8个呼吸；7.退出体式时，松开双手，吸气的同时起身，回到山式。,1.拉伸腿筋、腹股沟肌肉、髋部和腰背部、灵活肩部。2.增强臀部、腿部和脚踝的力量。3.改善消化系统功能，防止皮肤、面部及内脏下垂。4.消除失眠，镇静神经系统。,如肩部、腰背部或髋部有病症及不适和高血压、心脏病的人群，请勿练习。,肘关节超伸。解决方式：双臂向下时，肘关节保持微弯曲。
25,双角式半体前屈,1.双脚分开一条腿长距离，宽距站姿进入；2.脚后跟向外打开，双手扶髋；3.呼气，身体折髋向下，双手指尖接触肩膀正下方的地板；4.头顶向前和尾椎骨向后分别向两个方向伸展；5.保持5-8个呼吸；6.退出体式时，双手扶髋，吸气的同时微屈膝收紧臀部起身，回到站姿。,1.拉伸腿筋、腹股沟肌肉、髋部和腰背部。2.增强臀部、腿部和脚踝的力量。3.改善消化系统功能，防止皮肤、面部及内脏下垂。4.消除失眠，镇静神经系统。,如腰背部或髋部有病症及不适和高血压、心脏病的人群，请勿练习。,双膝伸的过直，压力过大解决方式：双膝可保持微弯曲
26,侧平板支撑,1.板式进入；2.吸气，双脚后撤，来到平板支撑体式；3.将重心转移到左手，用左脚外侧边缘支撑身体；4.身体向右侧打开，右脚踝放于左脚踝上面；5.确保身体呈一条直线，髋部上提；6.右臂向上伸展，指尖指向天花板，转动头部，目视上方指尖；7.保持5-8个呼吸；8.退出体式时，呼气的同时放下右手，回到板式。,1.增强手腕、手臂、肩膀和核心肌群的力量。2.缓解精神压力，强化免疫系统，消除臀部、腕部、腰部、腹部、大腿等部位的多余脂肪，塑造身体优美线条。3.提升平衡感和专注力。,如手腕、手肘或肩膀有病症及女性经期的人群，请勿练习。,重心不稳定。解决方式：可将腿弯曲，脚掌心踩在下方腿前侧。手腕压力过大。解决方式：下方虎口压实地面
27,手倒立,1.下犬式进入；2.5指大大的张开，找到指尖去抓地的感觉，看着你的两手之间，脚向前走；3.呼气，向上缓慢的抬起一条腿超过你的头顶；4.找到一个平衡点并且抬起另一条腿，要确保你的肩膀的稳定和重心结合；5.保持5-8次平稳的呼吸；6.退出体式时，呼气时，慢慢放下双腿回到下犬式或婴儿式放松。,1.强健手臂、腿部和脊椎，防止腿部静脉曲张及缓解腿部疲劳和疼痛。2.刺激内分泌二腺，脑下垂体和松果体（瑜伽直接影响新陈代谢和健康）3.按摩内脏改善循环，改善消化系统。4.帮助缓解更年期症状，对哮喘、脱发、失眠、记忆力衰退有辅助治疗作用。5.增强身体的平衡感，使大脑平静并且帮助缓解轻微忧郁，加强专注力。,1.如高血压、心脏病、疝气、视网膜脱落，脊柱歪曲，肘部、肩颈部发炎，请勿练习。2.女性经期间请勿练习。3.初学者想尝试请在老师指导下练习，以免摔伤。,重心不稳定。解决方式：可选择靠墙练习找到稳定后，慢慢再离开墙保持。
28,蝎子倒立,1.屈肘的下犬式进入；2.将手掌心和小臂贴到垫子上与肩同宽；3.双脚向前走，走到胸腔的前侧，让背部保持立直，眼睛看向前方；4.当你的臀部升到一定高度的时候，慢慢地抬起一条腿；5.平衡点在你的前臂上面并且慢慢地把双脚并在一起；6.保持住重心的稳定，双腿保持伸直；7.保持5-8次平稳的呼吸；8.退出体式时，呼气把双脚慢慢放下，回到婴儿式放松,1.加强脊椎的柔韧度，使其保持健康。2.灵活脊椎，增强腰背部力量。3.缓解地吸引力造成的压迫，使内脏器官得到休息。4.促进头部及全身血液循环。5.消除头疼，减轻失眠和记忆力衰退，锻炼平衡能力，提升专注力。,1.如高血压、心脏病、疝气、视网膜脱落，脊柱歪曲，肘部、肩颈部发炎，请勿练习。2.女性经期间请勿练习。3.初学者想尝试请在老师指导下练习，以免摔伤。,手肘不稳定，向两侧推开。解决方式：伸展带捆绑于肘上方，手内侧摆放瑜伽砖，固定住手臂根基。双腿重心不稳定。解决方式：双腿内侧向中线收紧。
29,蝎子式,1.猫式进入；2.弯曲手肘放在垫子上，双手臂与肩同宽；3.手指尽力张开，双腿伸直，双脚向前移动；4.抬高臀部背部保持延展，先抬起一条腿，顺势发力抬起双腿；5.用两臂保持身体的平衡，小臂内侧及手腕压实地面；6.慢慢地弯曲膝盖，保持重心，脚趾向头部推送；7.保持5-8次平稳的呼吸；8.退出体式时，吸气的同时放下双腿，回到猫式或到婴儿式休息。,1.加强脊椎的柔韧度，使其保持健康。2.灵活脊椎，增强腰部力量。3.缓解地吸引力造成的压迫，使内脏器官得到休息。4.促进头部及全身血液循环。5.消除头疼，减轻失眠和记忆力衰退，锻炼平衡能力，提升专注力。,1.如高血压、心脏病、疝气、视网膜脱落，脊柱歪曲，肩颈部发炎，请勿练习。2.女性经期间请勿练习。3.初学者想尝试请在老师指导下练习，以免摔伤。,手肘不稳定，向两侧推开。解决方式：伸展带捆绑于肘上方，手内侧摆放瑜伽砖，固定住手臂根基。双腿重心不稳定。解决方式：可选择脚靠墙练习找到稳定后，慢慢再离开墙保持。
30,单腿肩倒立,1.平躺屈膝进入；2.双手掌心按压垫子，双脚来到头顶心的后侧，来到犁式；3.用双手支撑腰背部，指尖向上；4.双腿慢慢伸直指向天花板，去辅助肩立式；5.保持双腿伸直，放低右腿，脚趾在头部前方接触地板；6.平稳地呼吸，调整双臂向中线移动，肩胛骨向中间靠近；7.坚持5-8次平稳的呼吸；8.退出体式时，抬起左腿，还原至辅助肩立式，或用左腿去找右腿，回到平躺。,1.增强核心肌群、腿部和肩膀的力量。2.促进头部及身体的血液循环，按摩脏腑器官，利于肠道消化。3.促进肾上腺正常分泌，减轻烦躁、紧张、失眠等症状。4.适合压力过大，工作紧张，生活节奏快的人群练习，同时还可提高大脑活力。5.放松身心，平静心情。,如高血压、心脏病、疝气、视网膜脱落，脊柱歪曲，肩颈部发炎，请勿练习。,颈椎有压力。解决方式：肩部下方垫毯子。肘关节向两侧打开。解决方式：将两个肘部向中线加，垂直于肩膀保持向下推地。
31,头倒立,1.猫式进入；2.屈肘双小臂贴向垫子，距离以双手能够抱住对侧的手肘为准；3.双手十指相扣，记得把小拇指缩起来，以防受伤；4.将头顶置于垫上，后脑抵住手掌心，双腿伸直，双脚向前走；5.伸直双膝，抬高臀部，双脚前移，直至你的躯干与地面近似垂直；6.如果你的躯干和双腿足够笔直，脚趾会自然地离开地面。把身体的重量分散到前臂和肘部，以此调整头部承受的重量；7.弯曲膝盖，脚后跟慢慢向上贴近臀部，膝盖贴近胸口；8.下方肩膀背部向上发力，向天花板方向蹬直双腿，两脚并拢；9.耳朵、肩膀、胯部和脚踝保持在一条直线上，眼睛看向鼻尖或者闭合双眼；10.坚持8-20个呼吸，或者更长；11.退出体式时，呼气，脚趾慢慢地回到地板上，到婴儿式休息。,1.强健手臂、腿和脊椎，防止静脉曲张，缓解腿部疲劳和疼痛。2.刺激内分泌二腺，脑下垂体和松果体（瑜伽直接影响新陈代谢和健康）3.强健肺，调和腹部器官，改善循环，提高消化能力4.帮助缓解更年期症状，对哮喘、脱发、失眠、记忆力衰退有辅助治疗作用。5.增强身体的平衡感，使大脑平静并且帮助缓解轻微忧郁，加强专注力。,1.如有高血压、心脏病、疝气、视网膜脱落，脊柱歪曲，肩颈部发炎，请勿练习。2.请勿随意郁动头部，否则容易扭伤颈椎。3.女性经期间不可练习。4.初学者想尝试请在老师指导下练习，以免伤到颈椎或摔伤。,头顶心压力过大。解决方式：可选择来靠墙练习。双腿不稳定解决方式：双腿内侧向中线收紧。
32,犁式,1.平躺在垫子上，双膝弯曲，手掌朝下放于身体两侧进入；2.双手按压地面，抬起双腿，举过头顶；3.伸直双腿，脚趾用力，贴向地板；4.十指交叉，轻轻地移动肩胛骨向中间靠拢，扩展胸腔；5.保持该姿势5-8次稳定的呼吸；6.退出体式时，松开双手，掌心压向地面，缓缓地展开脊椎一节节落回地面，回归平躺休息术。,1.增强核心肌群、腿部和肩膀的力量；2.促进头部及身体的血液循环，按摩脏腑器官，利于肠道消化；3.促进肾上腺正常分泌，减轻烦躁、紧张、失眠等症状，经常练习还能预防感冒；4.适合压力过大，工作紧张，生活节奏快的人群练习，同时还可提高大脑活力；5.放松身心，平静心情。,1.女性经期间请勿练习；2.初学者想尝试请在老师指导下练习，以免摔伤。,颈部压迫，不舒适。解决方式：肩部下方垫毛毯手臂无法伸直解决方式：手抓伸展带创造肩颈空间
33,肩倒立,1.平躺与垫子上进入；2.双手按压地面，并且呼气时抬起双腿，越过头顶脚趾点地；3.用手托住后背指尖朝上，保持背部直立；4.慢慢抬起双腿往上，保持伸直越过头顶，腹部内收，向内卷臀；5.双肘和肩部向下推地，不要让颈椎受到挤压，眼睛看向鼻尖；6.保持5-8次呼吸，或者更长；7.退出体式时，双脚向下落地，回到犁式，或者松开双手回到仰卧平躺。,1.增强核心肌群、腿部和肩膀的力量；2.促进头部及身体的血液循环，按摩脏腑器官，利于肠道消化；3.促进肾上腺正常分泌，减轻烦躁、紧张、失眠等症状，经常练习还能预防感冒；4.适合压力过大，工作紧张，生活节奏快的人群练习，同时还可提高大脑活力；5.放松身心，平静心情。,1.如肩颈部疼痛或发炎，请勿练习；2.请勿向两侧转动头部，防止颈部受伤；3.女性经期间请勿练习。,肘部过于向两侧分开。解决方式：将肘部大臂于肩部保持一条直线。上方腿部没有垂直肩膀。解决方式：启动核心及腿部力量，将上方腿垂直肩膀。颈部有压力。解决方式：肩下方垫毛毯
34,头手倒立,1.金刚坐进入；2.将头顶心着地，双手均匀下压地面稳定；3.双腿慢慢向中线收回并且伸直；4.吸气时，核心收紧双腿缓慢向上抬离地面，先保持与地面平行，一半的高度，找到身体的稳定后，双腿向上伸直与地面垂直；5.体式保持中要注意下方的手和头部均衡受力，大腿内侧收紧夹向中线；6.保持稳定的呼吸5-8次，或者更长；7.退出体式时，双腿控制慢慢向下落回地面，回到屈膝跪地婴儿式放松。,1.强健手臂、腿和脊椎，防止静脉曲张，缓解腿部疲劳和疼痛；2.刺激内分泌二腺，脑下垂体和松果体（瑜伽直接影响新陈代谢和健康）；3.强健肺，调和腹部器官，改善循环，提高消化能力；4.帮助缓解更年期症状，对哮喘、脱发、失眠、记忆力衰退有辅助治疗作用；5.增强身体的平衡感，使大脑平静并且帮助缓解轻微忧郁，加强专注力。,1.如有高血压、心脏病、疝气、视网膜脱落，脊柱歪曲，肩颈部发炎，请勿练习；2.请勿随意郁动头部，否则易扭伤颈椎；3.女性经期间请勿练习；4.初学者想尝试请在老师指导下练习，以免伤到颈椎或摔伤。,肘部过于向两侧分开。解决方式：将肘部大臂于肩部保持一条直线头顶心压力过大。解决方式：启动双腿及腹部核心力量向上减轻头部压力
35,倒箭式,1.平躺与垫子上进入；2.双手按压垫子，呼气腹部内收将双腿抬起，来到头部上方；3.用双手支撑腰背部，指尖朝上；4.向外展肩，用下巴抵住胸口；5.慢慢抬起双腿往上，保持伸直越过头顶，腹部内收，向内卷臀；6.双肘和肩部向下推地，双腿向下倾斜45度，不要让颈椎受到挤压，眼睛看向鼻尖；7.保持5-8次呼吸，或者更长；8.退出体式时，双脚向下落地，回到犁式，或者松开双手回到仰卧平躺。,1.增强核心肌群、腿部和肩膀的力量。2.促进头部及身体的血液循环，按摩脏腑器官，利于肠道消化。3.促进肾上腺正常分泌，减轻烦躁、紧张、失眠等症状，经常练习还能预防感冒。4.适合压力过大，工作紧张，生活节奏快的人群练习，同时还可提高大脑活力。5.放松身心，平静心情。,1.如肩颈部疼痛或发炎，请勿练习。2.请勿向两侧转动头部，防止颈部受伤。3.女性经期间不可练习。,肘部过于向两侧分开。解决方式：将肘部大臂于肩部保持一条直线颈部有压力。解决方式：肩膀下方垫毛毯
36,屈膝头倒立式,1.猫式进入；2.屈肘双小臂贴向垫子，距离以双手能够抱住对侧的手肘为准；3.双手十指相扣，把小拇指缩起来，以防受伤；4.将头顶置于垫上，后脑抵住手掌心，双腿伸直，双脚向前走；5.伸直双膝，抬高臀部，双脚前移，直至你的躯干与地面近似垂直；6.把身体的重量分散到前臂和肘部，以此调整头部承受的重量；7.弯曲膝盖，脚后跟慢慢向上贴近臀部，膝盖贴近胸口；8.下方肩膀背部向上发力，向天花板方向蹬直双腿，两脚并拢；9.耳朵、肩膀、胯部和脚踝保持在一条直线上，眼睛看向鼻尖或者闭合双眼；10.坚持8-20个呼吸，或者更长；11.退出体式时，呼气，脚趾慢慢地回到地板上，到婴儿式休息,1.强健手臂、腿和脊椎，防止静脉曲张，缓解腿部疲劳和疼痛。2.刺激内分泌二腺，脑下垂体和松果体（瑜伽直接影响新陈代谢和健康）3.强健肺，调和腹部器官，改善循环，提高消化能力4.帮助缓解更年期症状，对哮喘、脱发、失眠、记忆力衰退有辅助治疗作用。5.使大脑平静并且帮助缓解轻微忧郁，加强专注力。,1.如有高血压、心脏病、疝气、视网脱落，脊柱歪曲，肩颈部发炎，请勿练习。2.请勿随意郁动头部，否则容易扭伤颈椎。3.女性经期间不可练习。4.初学者想尝试请在老师指导下练习，以免伤到颈椎或摔伤。,头顶心压力过大。解决方式：可选择来靠墙练习。双腿不稳定。解决方式：1.双小臂向下推地，减轻头部压力。2.双腿内侧夹砖
37,膝碰耳犁式,1.犁式进入；2.弯曲膝盖并使膝盖接近耳朵两侧；3.双手交叉放在背部后侧，并进行深呼吸；4.保持5-8次平稳的呼吸；5.放松交叉的双手，身体慢慢随着脊柱一节一节向下落回地面，并回到仰卧。,1.伸展脊柱，颈椎，肩膀的肌肉。2.使躯干、心脏和双腿得到很好的锻炼，有助于腰部的血液循环。3.防止内脏、子宫下垂。4.放松身心，平静大脑。,1.如肩颈部疼痛或发炎，请勿练习。2.请勿向两侧转动头部，防止颈部受伤。3.女性经期间不可练习。,颈椎压力过大。解决方式：后脑勺和双肩双肘向下推地，肩膀下方垫毛毯。双膝无法着地。解决方式：双膝无法着地，伸直双腿退回犁式即可。
38,三角头倒立,1.金刚坐进入；2.将头顶心着地，双手均匀下压地面稳定；3.双腿慢慢向中线收回并且伸直；4.吸气时，核心收紧双腿缓慢向上抬离地面，先保持与地面平行，一半的高度，找到身体的稳定后，双腿向上伸直与地面垂直；5.体式保持中要注意下方的手和头部均衡受力，大腿内侧收紧夹向中线；6.保持稳定的呼吸5-8次，或者更长；7.退出体式时，双腿控制慢慢向下落回地面，回到屈膝跪地婴儿式放松。,1.强健手臂、腿和脊椎，防止静脉曲张，缓解腿部疲劳和疼痛。2.刺激内分泌二腺，脑下垂体和松果体（瑜伽直接影响新陈代谢和健康）3.强健肺，调和腹部器官，改善循环，提高消化能力4.帮助缓解更年期症状，对哮喘、脱发、失眠、记忆力衰退有辅助治疗作用。5.增强身体的平衡感，使大脑平静并且帮助缓解轻微忧郁，加强专注力。,1.如有高血压、心脏病、疝气、视网膜脱落，脊柱歪曲，肩颈部发炎，请勿练习。2.请勿随意郁动头部，否则容易扭伤颈椎。3.女性经期间不可练习。4.初学者想尝试请在老师指导下练习，以免伤到颈椎或摔伤。,肘部过于向两侧分开。解决方式：将肘部大臂于肩部保持一条直线。头顶心压力过大。解决方式：启动腹部核心力量向上减轻头部压力
39,蛙式,1.猫式进入；2.慢慢地移动你的双膝向两侧打开，保持舒适的宽度，屈肘小臂贴地；3.确保你的脚踝在你的膝盖正下方并且脚趾朝外；4.放松臀部并且让臀部自然放松往下沉到地面，去感受臀部和大腿内侧的伸展；5.如果可以的话，将上身趴向地面，双手互抱手肘，额头放于手背上，闭眼放松，专注当下的呼吸；6.保持8-20次深长的呼吸，或者更长；7.退出体式时，吸气，慢慢把你的手和膝盖收回来，回到猫式或者俯卧地面。,1.深度的拉伸髋部和腹股沟肌肉。2.促进骨盆血液循环，缓解髋部僵紧及痛经。3.缓解压力，帮助放松，平静大脑。,如膝盖和髋部有炎症，请勿练习。,上身无法贴向地面。解决方式：1.身体下方垫瑜伽抱枕，或枕头。2.根据自身情况，不可勉强身体向下以免受伤。
40,半蝗虫式,1.俯卧于地面进入；2.把你的下巴贴地，双手放在身体下面，并且十指交叉，也可以把双手掌朝下，如果你感觉到更加舒适的话；3.吸气，伸展你的右腿抬高朝着天花板，慢慢双腿向上，并且保持膝盖伸直；4.保持5-8次平稳的呼吸；5.退出体式时，呼气，并且慢慢的把双腿放下来，放松双手回到仰卧。,1.增强脊柱的弹性，对于预防腰椎间盘突出的后期康复大有益处；2.提高膀胱和前列腺的功能，可以有效的改善男性性功能，同时还有助于促进消化功能；3.防止臀部下垂，增强臀肌、腿部、核心和下背部力量,如有背部，肩膀不适及腰间盘突出症状人群，请勿练习。,呼吸混乱、急促。解决方式：持呼吸稳定，如压力过大，适当减小动作幅度。
41,半青蛙式,1.俯卧与垫子上进入；2.弯曲双肘，小臂撑地，确保你的手肘在的你肩膀正下方；3.右边小臂放在胸腔的下方，指尖朝向左边；4.弯曲你的左边膝盖，将左手抓住脚背；5.慢慢旋转你的左边手肘朝向天花板，左脚趾尖指向正前方；6.慢慢将左脚靠近左侧臀部的旁侧；7.挤压你的骨盆接近垫子并且避免让你的右边肩膀耸肩；8.保持5-8次深长的呼吸；9.退出体式时，呼气，然后放松右脚，身体回到屈肘的眼镜蛇式。,1.拉伸小腿，踝关节，大腿前侧，臀部，腹部，肩膀和胸部；2.促进脊柱的柔韧性。,如有腰椎、肩膀或者踝关节的炎症，请勿练习。,手抓不到后方脚背。解决方式：1.可用瑜伽伸展带套住脚背上。2.感受大腿前侧有拉伸感即可，不要勉强身体。
42,半蝗虫式（初级）,1.俯卧与地面进入；2.把你的下巴贴着地面，双手放在你的身体下面并且双手靠拢在一起，如果感觉到更加舒适的话，你也可以把你的双手掌心朝下；3.吸气，将右腿抬高离开地面，抬到最高的位置，保持两边髋部平行；4.保持5-8次平稳呼吸；5.退出体式时，呼气，慢慢把上方腿放下来还原。,1.增强脊柱的弹性，对于预防腰椎间盘突出的后期康复大有益处；2.提高膀胱和前列腺的功能，可以有效的改善男性性功能，同时还有助于促进消化功能；3.防止臀部下垂，增强臀肌和腿部、核心、下背部力量。,如有背部，肩膀不适及腰间盘突出症状，请勿练习。,肩颈过于紧张。解决方式：肩胛向脚跟的方向拉脖颈延长即可。
43,八体投地式,"1.从平板式进入；2.呼气时，让双膝落地,胸口直接落在双手之间,下巴轻轻点在垫子上；3.手肘往内夹,让髋部保持离地；4.保持5-8次呼吸；5.退出体式,呼气,身体直接俯卧下来。",1.促进内脏自我按摩和自愈，加强肠道蠕动。2.强化大臂力量及身体协调能力。3.血液会流向双肩胛骨区域和胸部，对于喉轮和胸轮有刺激作用。,"如有手腕,手肘,肩膀,后背或颈椎发炎，请勿练习。",肘部向两侧打开。解决方式：肘部向内收，大臂夹向身体。胸口没有落于手掌中间。解决方式：胸口想前推移，落在双手中心
44,蝗虫式,1.俯卧与地面上进入；2.把你的下N近地板，双脚并拢，你的双手沿著你的身体；3.吸气抬头，把胸部，手臂，大腿离开地面，把下腹的耻骨压在垫子上；4.把你的肩膀放松远离耳朵；5.伸展胸部，延长背部和颈部，保持背部、颈部和脊柱在同一条直线上；6.保持5-8次平稳的呼吸，或者更长；7.退出体式时，呼气慢慢落回地面，把你的头部转向一侧休息。,1.增强脊柱的弹性，对于预防腰椎间盘突出的后期康复大有益处。2.提高膀胱和前列腺的功能，可以有效的改善男性性功能，同时还有助于促进消化功能。3.防止臀部下垂，增强臀肌和腿部、核心、下背部力量,如有背部不适，请勿练习。,问：身体上下起伏幅度较。答：可根据自身情况，适当减小动作幅度。问：呼吸急促、混乱答：保持在一个能接受的高度停留稳定的呼吸，不要憋气。
45,单腿鸽王前屈式,1.下犬式进入；2.吸气，屈右膝右脚放于左手腕的后侧；3.呼气时左腿向后伸展，下压臀部接触地板。确保右脚后跟与左胯位于同一条直线之上，脚部弯曲放松，保护膝盖；4.双手按在垫子上，肩膀向后延展，扩展胸腔，身体轻微后仰；5.呼气时，慢慢地将双手前移，带动上半身前屈，压在右腿上面。体会右侧胯部、大腿、腹股沟肌肉与臀部的充分拉伸。保持深呼吸，放松身体；6.保持5-8次深长的呼吸，或者更长；7.退出体式时，吸气，慢慢地将双手收回身体两侧，起身，前腿向后撤回到下犬式。,1.拉伸髋部，提高髋部的柔韧性。2.修复腰椎的扭曲，使荷尔蒙得以正常作用。促进骨盆血液循环，治疗经痛，月经不调3.放松身心，平静心情。,如膝盖或髋部发炎，请勿练习。,髋部出现歪斜。解决方式：减少动作幅度，将屈膝的脚向内收，脚跟抵住会阴处，再将另一侧髋部下沉地面膝关节不舒适。解决方式：脚背持续有力推地，减少膝关节压力
46,单腿鸽王式,1.下犬式进入；2.吸气，屈右膝右脚放于左手腕的后侧；3.呼气时，左腿向后伸展，下压臀部接触地板。确保右脚后跟与左胯位于同一条直线之上，脚部弯曲放松，保护膝盖；4.双手按在垫子上，肩膀向后延展，扩展胸腔，身体轻微后仰；5.呼气时，肩膀和左侧髋部同时下沉，体会右侧胯部、大腿、腹股沟肌肉与臀部的充分拉伸。保持深呼吸，放松身体；6.保持5-8次深长的呼吸；7.退出体式时，吸气，慢慢地将双手收回身体两侧，起身，前腿向后撤回到下犬式。,1.拉伸髋部，提高髋部的柔韧性。2.增强上背部与核心肌群的力量。3.修复腰椎的扭曲，使荷尔蒙得以正常作用。促进骨盆血液循环，治疗经痛，月经不调。,如膝盖或髋部发炎，请勿练习。,髋部出现歪斜。解决方式：减少动作幅度，将屈膝的脚向内收，脚跟抵住会阴处，再将另一侧髋部下沉地面。膝关节不舒适。解决方式：脚背持续有力推地，减少膝关节压力。
47,俯卧式,1.俯卧与地面进入；2.向一侧扭转头部（左或右）手臂置于身体两侧或向前方伸展，放松；3.闭上眼睛，使整个身体柔软下来，逐渐变沉；4.放松紧绷的肌肉，自然地呼吸（1-2分钟）；5.长时间保持这个姿势。,1.放松身体，平静心情，修复大脑。2.减少压力与疲劳。,如膝盖或髋部发炎，请勿练习。,双脚并拢。解决方式：双脚分开与肩同宽
48,狮身人面像式,1.俯卧于垫子上进入；2.下巴抵住地板，双手手掌置于肩膀下方；3.吸气，运用背阔肌的力量向下，将胸部抬离向上离开地面；4.双手前移，前臂贴地，相互平行；5.确保手肘位于肩膀的正下方；6.放松肩膀和腿部，打开胸腔，肩膀下沉，目视前方；7.保持5-8次平稳的呼吸；8.退出体式时，呼气，胸部缓缓地落回垫子上，双手臂置于身体两侧回到俯卧放松。,1.拉伸腹前侧，消除背痛，治疗脊椎疾病，改善脊椎轻微移位。2.锻炼手臂关节、心脏和颈部肌肉，塑造优雅美颈。3.刺激腹部、盆腔器官，有助于消除腹部脂肪，打造平坦美腹。4.可以替代眼镜蛇式的简单体式。,如有背部、肩膀有不适及孕妇，请勿练习。,向上耸肩。解决方式：启动背阔肌将双肩向下沉，远离耳朵。
49,雷电坐变体,1.跪姿进入；2.双手来到臀部的后方大约一个手掌的距离，指尖指向臀部；3.吸气时胸腔上提，呼气时，弯曲肘部，双膝向上抬离地面，眼睛看向前方；4.意识专注在身体拉伸的部位，做到自己能承受的位置即可；5.保持5-8次，深长的呼吸；6.退出体式时，双膝缓慢落回地面，双手向前掌心推地，双小腿向一侧打开，回到山式坐姿放松。,1.拉伸脚踝前侧。2.有助于软化膝关节韧带，缓解扁平足。3.对于盆腔和腹腔的血流和神经直接产生作用,"如脚踝或膝盖有炎症,请勿练习。",双膝向两侧分开。解决方式：双膝保持并拢脚背疼痛。解决方式：脚背下垫毛毯
50,猫拱背式,"1.从四肢着地进入体式；2.确认双肩在手腕正上方,胯在膝盖正上方,十个指头大大张开；3.呼气,卷动骨盆,把脊柱拱起；4.肚脐找向脊柱方向,背部用力向上推向天空,双手压实垫子；5.保持5-8次平稳的呼吸；6.退出体式时,吸气,让背部回到中立位置与地面保持平行。","1.拉伸中背部,双肩和脊柱两侧的肌肉群。2.按摩腹部，增强消化功能，改善便秘情况。3.缓解僵硬的脊柱和背部，使脊柱更加柔软。4.该体式非常的温和、安全，可经常练习，尤其在睡前练习。5.可改善睡眠质量，对于女性改善痛经月经不调有很好的效果。","如有手腕、膝关节、背部发炎,请勿练习。",耸肩。解决方式：双肩下沉。肩膀超过手腕。解决方式：肩膀垂直于手腕的正上方。
51,猫伸展式,1.猫式进入；2.双手向前伸直，臀部与膝盖保持垂直；3.放松你的脖子，将下巴贴在垫子上，保持肩膀放松，下腹上提不要塌腰；4.保持5-8次呼吸；5.退出体式时，把你的手往后移动朝着身体的方向，回到到猫式或婴儿式。,1.增强脊柱的弹性和髋部的灵活性；2.放松紧绷的肩颈部；缓解精神压力；3.伸展背部，减轻背疼；4.调养妇女生殖器官，缓解痛经；5.促进消化，缓解轻度便秘；,如有膝盖或者肩膀的炎症，请勿练习。,下巴贴不到地面。解决方式：将幅度减小，屈肘小臂贴地。呼吸急促、混乱。解决方式：呼吸自然稳定，不要憋气。过度塌腰。解决方式：腹部内收，避免塌腰
52,牛式,"1.从四肢着地进入体式；2.确认双肩在手腕正上方,胯在膝盖正上方,十个指头大大张开；3.吸气,让你的尾骨上提,朝向天花板；4.眼睛平视前方或看向天花板,注意不要让双肩塌陷,启动肩部力量,并让耳朵远离肩膀；5.在这保持5-8次平稳的呼吸；6.退出体式时,呼气,让背部回到中立位置与地面保持平行","1.拉伸中背部,双肩和脊柱两侧的肌肉群。2.按摩腹部，增强消化功能改善便秘情况，3.缓解僵硬的脊柱和背部，使脊柱更加柔软。4.该体式非常的温和、安全，可经常练习，尤其在睡前练习。5.可改善睡眠质量，对于女性改善痛经月经不调有很好的效果。","如有手腕、膝关节、背部发炎,请勿练习。",耸肩。解决方式：双肩下沉。肩膀超过手腕。解决方式：肩膀垂直于手腕的正上方
53,门闩式,"1.从跪立坐姿进入，臀部坐向脚后跟；2.双膝与胯同宽,起身上半身直立；3.左脚往旁侧打开,脚趾指向左侧正前方；4.吸气,右手臂延伸向上；5.呼气,左手放在左大腿上；6.将左手向下滑动,上半身倒向左侧,右手沿着耳侧举过头顶；7.保持5-8次平稳的呼吸；8.退出体式时,随吸气提起上半身;呼气,双手落下,收回左腿。","1.伸展胯部,腿部内侧和后侧。2.有效缓解中下背部疼痛。3.对糖尿病，关节炎、哮喘有辅助效果。4.按摩腹部器官，对消化系统和泌尿生殖系统有很好的疗效。","如有膝盖,胯部,后背或肩膀炎症,请勿练习。",下方膝关节压力过大，出现疼痛不适。解决方式：将膝关节下方垫毛毯
54,半乌龟式,1.跪立坐姿进入；2.吸气，两手越过头部，把你的手掌合在一起，三指相扣；3.将骨盆主动向下沉，去拉长脊柱和侧腰两侧；4.保持伸展手臂慢慢向下，小指和额头贴在垫子上，将上半身贴到大腿上；5.放松你的脖子，敏捷地延长你的手臂保持呼吸的顺畅；6.持续5-8次深长的呼吸；7.退出体式时，吸气慢慢抬起上身，吐气，放下你的手臂回到跪坐。,1.伸展髋部，三角肌，肩胛骨，肱二头肌，胸大肌。2.缓解消化不良，有益肺脏，促进血液流向大脑，强健腹部及大腿。3使身体得到充分的放松。,如有关节，臀部或者肩膀的炎症，请勿练习。,臀部无法坐向脚跟。解决方式：可将双膝向外分开让肋骨放于双腿内侧。
55,兔式,1.由跪坐姿势进入，臀部坐在脚后跟上。2.双手握住脚后跟，弯腰拱起后背，低头，将额头找向膝盖。3.吸气，髋部向上，臀部抬离脚跟（头顶心不要有压迫感，轻轻点地即可）。4.保持5-8次平稳的呼吸5.退出体式时，呼气，回到跪坐姿势。,1.伸展整个脊柱，滋养脊柱神经，保持脊柱灵活性及弹性2.促进消化，伸展肩胛骨、斜方肌，还可促进儿童生长发育。3.激活脑细胞，镇静神经，促进新陈代谢，延缓衰老。,1.如膝盖、腰间盘突出、颈部或肩部发炎，请勿练习。2.高血压、脑血栓人群请勿练习。,颈椎压力过大。解决方式：用腹部核心控制头顶心轻轻点地。
56,雷电坐姿,"1.猫式进入；2.呼气时，臀部向后坐到脚跟的上方，背部直立，将双手放在大腿上；3.放松肩膀（肩膀在胸腔的两侧）脊柱向上延伸,头顶朝向天花板的方向；4.放松的保持5-8次深长的呼吸；5.退出体式时，可以在此体式保持或者回到猫式，或者下犬式均可。","1.拉伸脚踝,膝盖和大腿。2.有助于软化膝关节韧带，缓解扁平足。3.盆腔和腹腔的血流和神经直接产生作用。特别对胃部有益。4.饭后坐上5-10分钟，可促进消化功能。5.缓解胃溃疡、胃酸、胃胀等诸多胃部不适，还能防治疝气，加强骨盆肌。","如果脚踝或膝盖发炎,请勿练习。",塌腰，肋骨向外翻。解决方式：在呼气时，肋骨内收，脊柱垂直于地面
57,猫式,"1.从跪姿坐立，臀部坐向脚跟进入；2.重心向前,双手掌心压向地面，五指大大张开；2.双膝与胯同宽，臀部在膝盖正上方，确认双肩在手腕正上方；4.头部保持正中,从尾骨到头顶,延展整个脊柱；5。保持5-8次平稳的呼吸；6.退出体式,向后坐回脚跟,回到跪姿。","1.拉伸中背部,双肩和脊柱两侧的肌肉群。2.按摩腹部，增强消化功能，改善便秘情况3.缓解僵硬的脊柱和背部，使脊柱更加柔软。4.该体式非常的温和、安全，可经常练习，尤其在睡前练习。5.可改善睡眠质量，对于女性改善痛经月经不调有很好的效果。","如有手腕、膝关节、背部发炎,请勿练习。",塌腰向下。解决方式：肋骨内收，背部与地面保持平行。耸肩，肩膀不舒适。解决方式：肩部向臀方向拉，脖颈拉长
58,猫式扭转变体,1.猫式进入；2.吸气，将双臂向前伸直，呼气，右手穿过左侧腋窝下方，掌心朝上；3.将右侧手臂外侧以及肩膀贴向地面；4.头部侧躺在地板上；5.吸气，左手向天花板伸直，臀部保持指向正后方（不要向一侧倾斜）；6.保持5-8次深长的呼吸。7.退出体式时，呼气，左手回到垫子上。吸气，回到猫式。,1.增强脊柱的弹性和髋部的灵活性；2.放松紧绷的肩颈部；强健腹肌；3.伸展背部，减轻背疼；4.调养妇女生殖器官，缓解痛经；5.促进消化，缓解轻度便秘；,如有膝盖或者肩膀的炎症，请勿练习。,膝关节压力过大。解决方式：膝关节下方垫毛毯双肩不能垂直一条线。解决方式：上方手在胸前推地，使双肩垂直
59,卧英雄式,1.由跪坐姿势进入，坐在脚后跟上。2.身体前倾，两脚微微分开，比髋部稍宽，臀部坐在两脚中间，采用英雄坐。3.双手抓脚跟，吸气时胸腔上提，呼气时身体后仰，手肘撑地，上身躺在地上。4.膝盖向内收，卷动臀部和耻骨向上，不要让腰部后侧有挤压感。5.双臂举过头顶，双手抓双肘。6.保持5-8次深长的呼吸，或者更长。7.退出体式时，吸气，用手肘撑地起身，呼气时回到跪坐姿势。,1.拉伸脚踝、膝盖、大腿、髋部、腹股沟肌肉、腹前侧和肩膀。2.保持10-15分钟可以有效地缓解腿痛，建议晚上休息前练习，第二天会感到腿部很轻松。3.放松身体，平静心情。,如有背部、膝盖或髋部发炎，请勿练习。,问：臀部不能坐向地面。答：臀部下方垫毛毯问：向后仰卧时腰部有挤压不适感答：腰部下方垫毛毯，减小腰部压力
60,婴儿式,1.猫式进入；2.呼气，臀部坐在脚后跟上，膝盖向两侧张开，胸部在大腿之间下沉；3.向前伸直双臂，额头点地，保持肩膀下沉，身体放松沉向地面的感觉；4.保持5-8次深长的呼吸，或者更长；5.退出体式时，吸气，上身向前移动，回到猫式。,1.放松身心，恢复大脑平静，缓解压力；2.轻柔地拉伸肩膀、腰背部、髋部、大腿、腹股沟肌肉；3.膝盖和脚踝；4.此动作是高难度动作后的休息和调整呼吸的体式。,如髋部或膝盖发炎，请勿练习。,臀部贴不到脚跟。解决方法：1.额头下方垫瑜伽砖，保持肩膀松沉。2.双膝向两侧打开，大脚趾内侧并拢。
61,弓式,1.俯卧与地面进入；2.吸气时双手抓脚踝，双脚分开与髋部同宽，呼气时收腹，胸腔和双腿同时向上抬离地面；3.眼睛看向眉心，找到手与脚的对抗，手和脚不断地向上抬高，感受肩膀前侧向后延伸；4.腹部收紧，臀部放松，腰椎不要有挤压感；5.保持5-8次流畅的呼吸；6.退出体式时，吸气控制松开双手，回到俯卧，双手与胸腔两侧推地到婴儿式放松,1.拉伸大腿前侧，腹前侧，脊柱，肩部；2.增加肩关节的灵活性，改善驼背现象；3.增强背部肌肉群，消除疲劳，雕塑臀部线条，减少腰围线上多余的脂肪；4.消除烦躁情绪及轻微抑郁症状。,腰肌劳损的人群，请勿练习。,问：起身后双膝向外分开答：大腿内侧可夹砖来保持问：腰椎出现挤压疼痛答：小腿向后推，大腿向地面推问：呼吸急促、混乱答：呼吸保持自然稳定，做到自己的极限即可。
62,桥式,1.仰卧与地面上进入；2.弯屈双膝双脚跟靠近臀部，双手掌心压向地面，指尖触碰脚跟，双膝分开与髋部同宽；3.吸气时双脚内侧向下推地，将臀部、背部依次抬离地面；4.双肩向中间移动，找到肩胛骨推地，双手与背部下方十指交叉掌跟合十，眼睛看向鼻尖；5.注意膝盖始终保持指向第二脚趾的位置，臀部放松，腹部向内收紧，让胸骨不断地向上找向下颚。6.保持5-8次呼吸7.退出体式时，吸气抬脚跟松开双手，呼气从肩膀背部到臀部依次落回地面，屈双膝双手环抱小腿放松,1.伸展胸腔，腹前侧、腹股沟、防止含胸驼背2.增加背部、臀部、大腿内侧力量3.改善女性月经不调，子宫下垂，同时缓解更年期综合征。4.平静大脑，缓解压力，减轻疲劳、抑郁、焦虑等症状。,腰肌劳损的人群，请勿练习。,常见错误：起身后双膝向外分开。解决方式：大腿内侧可夹砖来保持常见错误：腰椎出现挤压疼痛解决方式：有意识的控制双膝与髋部同宽常见错误：颈部不舒适解决方式：肩下方垫毛毯
63,眼镜蛇式,"1.俯卧在垫子上进入；2.下巴放在垫子上,手掌位于胸腔的两侧；3.张开手指,肩膀后旋,手肘夹紧身体；4.吸气,启动上背部肌肉力量,将胸口抬离地板；5.肩膀放松,远离耳朵,放松双腿,胸口向前推；6.胸口往上抬高,但髋部和膝盖仍在垫子上,轻轻卷尾骨,下背部不能受到挤压，找到延展的空间；7.保持5-8次流畅的呼吸；8.退出体式,呼气,身体下落,双臂落于体侧胯部左右摆动,减轻下背部压力",1.增加脊柱力量和灵活性。2.拉伸胸腔，腹前侧，髂腰肌。3.对于肝脏，肾脏以及血液循环是有很好的保护措施。4.提升呼吸、消化、内分泌及生殖系统的功能。,"如有背部,手腕发炎、腰肌劳损及孕妇请勿练习",耸肩向上。解决方式：肩膀下沉远离耳朵。腰部疼痛有挤压。解决方式：腰不舒适可选择屈肘
64,半骆驼式,1.金刚坐姿进入；2.跪立，双膝略微分开与髋部同宽；3.双手扶住腰部；4.呼气，骨盆轻轻向前推，胸部上提；5.上半身慢慢向后弯曲，先用右手抓住右脚脚踝；6.提起左手指向天花板；7.继续轻轻推骨盆向前，提起胸部并眼睛看着左手指尖；8.保持5-8次平稳的呼吸；9.退出体式时，吸气，右手扶髋，身体慢慢向上回正，还原颈部，最后还原头部，上方手臂落回，回到坐姿。,1.伸展体前侧，喉咙，胸部，腹腔，臀部，大腿和踝关节；2.改善血液循环，女性经期和痛经量少；3.缓解背部和肩痛问题，柔软脊柱。,如有腰肌劳损，颈部，肩膀或者膝盖炎症请勿练习。,刻意推髋部向前，导致挤压腰椎出现疼痛感解决方式：1.压力过大的学员双手扶髋，后弯幅度减小2.双手下方推瑜伽砖
65,鸽王式初级,1.俯卧与垫子上，进入；2.把你的下巴接触地面，把手掌放在胸腔的两侧；3.吸气时，胸腔引领身体向上，到蛇式；4.弯曲膝盖放松后脑勺向后，伸直脖颈前侧，慢慢把脚趾触碰到头部；5.卷动尾骨温和的向下，去保护后背不要承受过多的挤压；6.保持5-8次平稳的呼吸；7.退出体式时，吸气慢慢收回双腿和头部，呼气时放松双腿回到婴儿式放松。,1.提升脊柱的伸展性和灵活性；2.拉伸体前侧，大腿，腹部，胸部，肩膀和颈部；3.改善肠胃功能，消除便秘及强化背部；4.使身体更加柔软，纤细，有助于消除腹部赘肉。,如有膝关节、腰肌劳损或手腕炎症，孕妇，请勿练习。,耸肩解决方式：双肩下沉腰椎出现疼痛。解决方式：臀部保持放松，收腹收肋骨，或者将幅度减小不要勉强身体。
66,单腿桥式,1.平躺屈膝，手掌着地，置于身体两侧进入；2.双脚用力压地，骨盆慢慢抬起向上；3.依次将背部离开地面，肩部紧贴垫子；4.双手于背部下方交叉相扣，肩胛骨向中间移动，进入桥式；5.重心转移到右脚，伸展左腿指向天花板，使左腿与地面垂直；6.左腿与核心肌群收紧，下方右脚内侧压实地面，臀部放松；7.保持5-8次呼吸，或者更长；8.退出体式时，呼气，左脚回到垫子上，松开双手，背部缓缓落地，回到平躺。,1.伸展胸腔，腹前侧、腹股沟、防止含胸驼背，2.增加背部、臀部、大腿内侧力量3.消除腿部浮肿，美化小腿线条。4.平静大脑，愉悦心情，缓解压力，减轻疲劳、抑郁、焦虑等症状。,1.如腰肌劳损、髋部、颈部、肩膀或膝盖发炎，请勿练习。2.请勿将头部向两侧扭转，避免受伤。,重心压在颈部。解决方式：1.将双臂向中线移动，重心落在肩部和双臂之间。2.肩下方垫毛毯
67,鸽王式高级,1.骆驼式进入；2.慢慢用手触摸垫子，你的指尖朝向脚趾；3.用手朝着脚的方向靠近，慢慢抓住脚跟；4.让手肘和头部放松贴向垫子上；5.保持5-8次平稳的呼吸；6.退出体式时，把手从脚跟上松开，然后缓慢地一只手扶腰，吸气，轻轻的让脖子收回，身体回到骆驼式然后到婴儿式。,1.提升脊柱的伸展性和灵活性；2.拉伸体前侧，大腿，腹部，胸部，肩膀和颈部；3.改善肠胃功能，消除便秘及强化背部；4.使身体更加柔软，纤细，有助于消除腹部赘肉；5.平静大脑，愉悦心情，缓解压力，减轻疲劳、抑郁、焦虑等症状。,如有膝关节、腰肌劳损或手腕炎症，孕妇，请勿练习。,腰部出现疼痛。解决方式：根据自身的情况来减小后弯幅度双膝向两侧分开解决方式：双膝内侧夹砖（横着放的宽度）来保持。
68,单腿鸽王第二式,1.由下犬式开始；2.左脚向前迈，踩在两手之前，右膝着地，请参考低弓箭步；3.移动左膝，使其位于脚踝前方，保持身体的稳定；4.弯曲后腿膝盖，单手抓住右脚，胳膊肘尖指向天花板；5.呼气，身体大幅度后仰，头部后仰，头顶顶住右脚脚底；6.调整好重心，将另一只手举过头顶，向后抓住右脚；7.尾椎骨向里推，保护腰背部；8.保持5-8次流畅的呼吸；9.退出体式时，释放右脚，吸气时身体由后仰回正。呼气时回到下犬式,1.拉伸大腿、髋部、腹部、胸部、肩膀与颈部。2.刺激腹部内脏器官。3.提升平衡感与专注力。4.平静大脑，愉悦心情，缓解压力，减轻疲劳、抑郁、焦虑等症状。,如有腰肌劳损、髋部、颈部、肩膀或膝盖、脚踝发炎，请勿练习。,腰部出现疼痛。解决方式：根据自身的情况来减小后弯幅度。呼吸混乱、急促。解决方式：呼吸自然，不要憋气。膝关节不舒适。解决方式：膝关节下方垫毛毯
69,单腿鸽王第一式,1.双手双膝着地，由猫式进入；2.左膝前移，置于左手内侧；3.向后伸展右腿，臀部向下接触地板。确保左脚后跟与右胯位于一条直线之上，脚部弯曲放松，保护膝盖；4.弯曲右膝，用手抓住右脚，肘尖指向天花板，转动肩膀，正对前方5.慢慢地进入后仰的姿势，头部放松，向右脚脚底方向后仰；6.尾椎向里推送，慢慢地用双手握住右脚；7.保持5-8次呼吸；8.退出体式时，吸气，身体由后仰向前回正，将双手放于垫子上，回到下犬式或猫式。,1.拉伸大腿、髋部、腹部、胸部、肩膀与颈部。2.刺激腹部内脏器官。3.平静大脑，愉悦心情，缓解压力，减轻疲劳、抑郁、焦虑等症状。,如有背部、腰肌劳损、髋部、颈部、肩膀或膝盖、脚踝发炎，请勿练习。,腰部出现疼痛。解决方式：根据自身的情况来减小后弯幅度。呼吸混乱、急促。解决方式：呼吸自然，不要憋气手抓不到脚解决方式：手抓不到用伸展带辅助即可
70,单腿轮式,1.平躺在垫子上，双膝弯曲，脚后跟贴近臀部。2.手掌置于双耳两侧，手指指尖压在肩膀下面，指尖指向脚部。3.腿部用力，缓缓地将胯部抬起，接着将背部抬离地面。4.双手用力按压地板，手臂伸直，进入轮式。5.小心地将重心调整到左脚上，抬起并伸直右腿。6.左腿、双臂与核心肌群持续发力。7.保持几次呼吸的时间。8.结束动作时，呼气，右脚回到地面，头部回到垫子上，收紧下颌，缓缓地将背部贴回地面。,1.扩展胸部及肺部，增加肺活量。2.充分伸展脊椎，矫正驼背，使身体保持柔软和敏捷。3.滋养和增强腹部各肌肉群，使内脏器官和腺体受益。4.活络全身气血，增强体力及免疫力，美化身材曲线。5.平静大脑，愉悦心情，缓解压力，减轻疲劳、抑郁、焦虑等症状。,如手腕、肩膀、腰肌劳损或腹部发炎，请勿练习。,腰部出现疼痛。解决方式：根据自身的情况来减小后弯幅度
71,眼镜蛇变体,"1.身体俯卧与地面进入2.脚背推地膝盖抬离地面，双手与臀部上方十指交叉掌跟合十；3.吸气时，双手拉动肩膀向后，胸腔向上抬离地面,腹部内收，臀部放松，大腿内侧上提，眼睛看向前方；4.保持5-8次呼吸；5.退出体式时，缓慢松开双手回到俯卧。",1.增加脊柱力量和灵活性，及腰背肌力量。2.拉伸肩部、胸腔，腹前侧。3.对于肝脏，肾脏以及血液循环是有很好的保护措施4.提升呼吸、消化、内分泌及生殖系统的功能。,腰背部、腰肌劳损或者腰间盘突出者，请勿练习。,呼气急促。解决方式：保持自然呼吸，不要憋气，也可适当减小幅度
72,站立后弯高级,1.山式站立进入。2.吸气，双臂举过头顶，三指相扣，食指指向上方。3.呼气，收腹向前送髋，躯干后仰。4.放松颈部，尾椎骨向内收紧，腿部上提发力。5.坚持5-8次平稳的呼吸。6.退出体式时，吸气，胸部带动身体向上回正，呼气，松开手臂回到山式。,1.扩展胸部及肺部，增加肺活量。2.充分伸展脊椎，矫正驼背，使身体保持柔软和敏捷。3.滋养和增强腹部各肌肉群，使内脏器官和腺体受益。4.活络全身气血，增强体力及免疫力，美化身材曲线。5.平静大脑，愉悦心情，缓解压力，减轻疲劳、抑郁、焦虑等症状。,"如有腰肌劳损,胯部或膝盖炎症,请勿练习。",腰部出现疼痛。解决方式：根据自身的情况来减小后弯幅度。呼吸急促、混乱。解决方式：呼吸自然，不要憋气
73,上犬式,1.俯卧与地面上；2.下巴着地，手放在胸腔的两侧。五指分开，肩膀向后环绕沉肩，手肘夹紧身体两侧；3.吸气，手掌按压地面，背阔肌发力，胸部向上抬离地面；4.双臂伸直，躯干、胯部和大腿依次离开地面；5.臀部放松，大腿内侧用力上提，脚背推地；6.卷尾椎骨向下，缓解腰背部的压力，胸部向前方推送，眼睛看向眉心；7.坚持5-8次平稳的呼吸；8.退出体式时，呼气的同时身体慢慢地回到垫子上，双臂到身体两侧俯卧与垫子上放松。,"1.增加脊柱力量和灵活性，及背肌力量。2.拉伸胸腔，腹前侧,髂腰肌。3.对于肝脏，肾脏以及血液循环是有很好的保护措施4.提升呼吸、消化、内分泌及生殖系统的功能。","如有背部,手腕发炎，及孕妇请勿练习。",腰部出现疼痛。解决方式：根据自身的情况来减小后弯幅度。重心都压在手腕。解决方式：腹部上提，臀部放松
74,轮式变体,1.轮式进入；2.慢慢屈肘小臂贴地，十指交叉，双腿向前伸直，双脚并拢；3.双肩向上推送，用背部的力量让胸腔打开，大腿内侧收紧，卷尾骨和耻骨向上，臀部保持放松；4.保持5-8次平稳呼吸，或者更长；5.退出体式时，松开双手回到轮式，慢慢屈肘头部落回地面，依次让背部和臀部落回地面，屈膝双手环抱小腿放松；,1.扩展胸部及肺部，增加肺活量。2.充分伸展脊椎，矫正塌肩驼背，使身体保持柔软和敏捷。3.滋养和增强腹部各肌肉群，使内脏器官和腺体受益。4.活络全身气血，增强体力及免疫力，美化身材曲线。5.平静大脑，愉悦心情，缓解压力，减轻疲劳、抑郁、焦虑等症状。,如手腕、肩膀、腰肌劳损或腹部发炎，请勿练习。,肘关节向外分开。解决方式：双肘部垂直于肩部
75,轮式,1.平躺在地上，膝盖弯曲，脚后跟靠近臀部；2.手掌置于耳的旁侧，指尖放在肩膀的下方，指尖指向双脚的方向；3.大腿内侧用力，慢慢地将臀部抬离地面，后背离开垫子；4.双手按压地板，伸直双臂，抬高身体；5.颈部放松，双腿内侧用力支撑身体，流畅地呼吸；6.确保膝盖与胯同宽，尾椎内收，膝关节指向第二脚趾的位置；7.坚持5-8次流畅的呼吸；8.退出体式时，屈肘头部慢慢点地，收下颌，背部依次落向地面，屈膝双手环抱小腿，大腿压向腹部或者前后翻滚几次放松腰背部。,1.扩展胸部及肺部，增加肺活量。2.充分伸展脊椎，矫正驼背，使身体保持柔软和敏捷。3.滋养和增强腹部各肌肉群，使内脏器官和腺体受益。4.活络全身气血，增强体力及免疫力，美化身材曲线。5.平静大脑，愉悦心情，缓解压力，减轻疲劳、抑郁、焦虑等症状。,如手腕、肩膀、背部或腹部发炎，请勿练习。,双膝和脚尖向外侧分开。解决方式：双大腿内侧夹瑜伽砖保持。腰部挤压疼痛。解决方式：双脚尖指向正前方。双膝为向内收指向第二脚趾。
76,狂野式,1.由下犬式开始；2.吸气的同时抬高左腿，来到单腿下犬式；3.呼气的同时胯部向左侧打开，左胯位于右胯的正上方；4.继续保持开胯，左手离开垫子，胯部和胸腔持续向天花板方向翻转；5.左脚脚趾落到地面上，左臂向一侧去伸展；6.臀部抬高，颈部放松，眼睛看向上方手指。7.坚持5-8次深长的呼吸。8.退出体式时，以右脚为轴，将身体旋正，回到下犬式。,1.扩展胸部及肺部，增加肺活量。2.充分伸展脊椎，矫正驼背，使身体保持柔软和敏捷。3.滋养和增强腹部各肌肉群，使内脏器官和腺体受益。4.活络全身气血，增强体力及免疫力，美化身材曲线。5.平静大脑，愉悦心情，缓解压力，减轻疲劳、抑郁、焦虑等症状。,如手腕、肩膀、腰肌劳损或腹部发炎，请勿练习。,重心压力都在手腕根部。解决方式：后脚有力向下推地，下方虎口压实地面
77,骆驼式,1.雷电坐姿进入；2.吸气，身体向上直立，双手扶髋，双膝分开与髋部同宽；3.呼气肩膀下沉放松；4.吸气，胸腔向上打开，呼气，收腹胸腔向后延伸，双手慢慢抓住脚跟，头部自然向下放松，眼睛看向上方；5.保持流畅的呼吸--提示要点；6.感受腹前侧的拉伸；7.吸气，双手慢慢扶髋，上身缓慢直立起来，呼气臀部坐向脚跟回到婴儿式放松。,1.伸展体前侧，颈部，胸部，腹腔，臀部，大腿和踝关节。2.改善血液循环，女性经期和痛经量少。3.缓解背部和肩痛问题，柔软脊柱。,如有腰肌劳损，颈部，肩膀或者膝盖的病症请勿练习。,腰部出现疼痛。解决方式：下方垫瑜伽砖来保持。呼吸急促、混乱。解决方式：1.双手扶髋来保持减小后弯幅度。2.呼吸自然、稳定，不要出现憋气
78,猫式平衡,1.猫式进入；2.吸气时右腿向后伸直抬离地面，再将左手向前伸直抬离地面；3.右侧臀部向下保持臀部平行，脚趾回勾，后脚跟内侧用力向后，前方肩膀向后找向臀部，下腹部上提，眼睛看向前方一个固定点；4.保持5-8次呼吸；5.退出体式时，回到猫式或婴儿式放松。,1.拉伸肩部、胸部、腹部与大腿；2.增强上背部、肩膀与核心肌群的力量；3.提升平衡感与专注力。,"如有手腕、膝盖或肩膀发炎,请勿练习。",塌腰向下。解决方式：下腹部上提。臀部不在一个高度。解决方式：将抬高的臀部向下沉，臀部保持水平。重心压在手腕。解决方式：下方手的虎口处压实地面。
79,半莲花树式,1.山式站姿进入；2.双手扶髋，抬左腿屈左膝向上，双手从内侧扶住脚踝脚掌心朝上放于有大腿根部，把身体的重心集中在你的右脚上面，先保持呼吸和身体的稳定；3.吸气时，双臂向上伸展举过头顶，掌心相对，肩膀下沉；4.眼睛看向前方固定点，关注呼吸的均匀和根基的稳定；5.保持5-8次平稳的呼吸；6.退出体式时，呼气时，双手扶髋，将左脚慢慢落回地面，回到山式,1.伸展踝关节、大腿和小腿，强化小腿肌肉；2.提高膝盖，臀部和肩膀的灵活性；3.提升平衡感和集中注意力。,如踝关节，膝盖，臀部或者肩膀有炎症，请勿练习。,下方脚站不稳。解决方式：将脚内侧向下踩地，大腿肌肉上提。膝关节不舒适。解决方式：膝关节不舒适可将脚掌踩于大腿内侧
80,天堂鸟式,1.站立前屈式进入；2.双脚与肩同宽，将右手穿过左大腿内侧环绕，与背后抓住左手腕，稳定左脚，吸气时，慢慢将重心来到左脚身体来到直立，呼气时将右腿慢慢向上伸直向身体的右侧，眼睛看向前方固定点；3.将左脚内侧压实地面，背部立直胸腔上提，尽量将右腿向上靠近身体；4.保持5-8次呼吸；5.退出体式时，缓慢松开双手到山式站姿。,"1.加强脚踝,双腿和上背部稳定度；2.伸展大腿内侧及髋关节；3.提升平衡感和专注力。",如髋部或脚踝有病症请勿练习。,下方脚重心不稳。解决方式：将下方脚内侧压实地面，收紧大腿前侧肌肉，呼吸要稳定缓慢。
81,鸟王式,1.山式站姿进入；2.弯曲双膝盖，慢慢将身体的重心移到你的左脚；3.抬起右脚扣住左脚，勾住左脚脚踝，保持平衡，重心在左脚上；4.吸气，拉伸双手臂，然后在你的身体前交叉你的手臂，用左手搭在右手的手肘上侧；5.更进一步缠绕你的双臂，让你的手掌相对，抬高手肘并且伸直你的手指朝着天花板的方向；6.保持5-8次平稳的呼吸；7.退出体式时，呼气，放下手臂和腿部，回到山式。,1.增强脚踝、大腿、腹部、臀肌和腰背部的力量；2.消除肩部僵硬和腿部抽筋带来的疼痛以及预防小腿肌肉抽筋的作用；3.拉伸手臂三头肌、大腿外侧肌肉；4.提升平衡感和专注力。,如处于孕期或背部、肩膀、膝盖或髋部发炎，请勿练习。,重心不稳定。解决方式：下方脚大脚趾球的内侧压实地面。双手掌心无法相对。解决方式：根据自己的身体状态，可先互抱双肩来保持
82,单腿猫式,"1.猫式进入；2.确认双肩在手腕正上方,髋部在膝盖正上方；3.吸气,抬起右腿,直到右腿与地板平行,大脚趾朝后指向后方；4.让骨盆保持中立,双手五指大大张开；5.保持5-8次呼吸；6.退出体式时,把膝盖落于垫子上回到猫式。","1.强化下背部,双腿,双臂和核心肌肉群；2.提升身体平衡感和专注力。","如有手腕膝盖或肩膀发炎,请勿练习。",髋部歪斜。解决方式：上方腿的臀部向下沉，髋部保持中正。耸肩。解决方式：肩拉向臀的方向，舒展肩颈
83,半月式高级,1.战士二进入；2.把右脚移动几步向前；3.把左手指尖放向前放于面部的正下方（在直立腿左脚前面）伸直左腿；4.抬起右腿与地面平行，打开胸腔和髋部朝向正前方；5.右手手臂朝着天花板伸直做准备，转头看向上方指尖，到半月式；6.找到下方脚的稳定后，缓慢的弯曲右膝盖然后右手抓住右脚背或脚踝；7.保持5-8次呼吸；8.退出体式时，呼气松开右手回到半月再到下犬式休息,1.加强踝关节，小腿肚，膝盖，大腿，背部和核心的肌肉；2.伸展脊椎和肩膀，增加柔韧度；主要消除大腿外侧过多的脂肪；3.舒缓下背痛；舒缓坐骨神经痛；改善双脚的血液循环；4.提升身体的平衡感和专注力。,如踝关节，臀部，肩膀或者背部有炎症，请勿练习。,下方支撑腿和脚无法稳定。解决方式：初学者可用瑜伽砖来保持稳定。手无法抓住脚背。解决方式：有基础的学员控制下方大脚趾内侧压实地面，大腿前侧收紧向上
84,半月式,1.从战士二进入；2.把右脚移动几步向前；3.把左手指尖放向前放于面部的正下方（在直立腿左脚前面）伸直左腿；4.抬起右腿与地面平行，打开胸腔和髋部朝向正前方；5.右手手臂朝着天花板伸直做准备，转头看向上方指尖，到半月式；6.找到下方脚的稳定后，上方右脚趾保持回勾，下方脚内侧压实地面；7.保持5-8次呼吸；8.退出体式时，呼气，上方脚向下落回，到下犬式休息；,1.加强踝关节，小腿肚，膝盖，大腿，背部和核心的肌肉；2.舒缓下背痛和坐骨神经痛，改善痛经及双脚的血液循环；3.提升身体的平衡感和专注力。,如有踝关节，臀部，肩膀或者背部的炎症，请勿练习。,下方支撑腿和脚无法稳定。解决方式：1.初学者可用瑜伽砖来保持稳定2.有基础的学员控制下方大脚趾内侧压实地面，大腿前侧收紧向上。髋内收。解决方式：髋部侧向展开
85,舞蹈式初级,1.山式站姿进入2.把你的重心转移到左脚上面3.吸气时弯曲右膝，右手抓住右脚踝，4.抬起左手臂越过头顶5呼气时，抬起右脚向上，直到你的大腿和地面保持平行的高度。放松你的肩膀，上方左手臂向前延伸，与地面平行6.保持站立的左脚稳定大脚趾内侧下压地面，左大腿前侧肌肉上提7.保持5-8次平稳的呼吸8.退出体式时，吸气身体向上回正，呼气，轻轻地松开右手，右脚落回地面回到山式站姿,"1.加强脚踝,双腿和上背部肌力量和稳定度。2.伸展肩膀,胸部,腹部,大腿和腹股沟肌肉群。3.提升身体平衡能力,促进专注力","如有膝盖或胯部发炎,请勿练习。",下方支撑腿和脚无法稳定。解决方式：1.初学者可减小幅度来练习。2.有基础的学员控制下方大脚趾内侧压实地面，大腿前侧收紧向上。髋部倾斜。解决方式：将上方的腿部向下沉，髋部两端平行
86,单手虎式,1.猫式进入；2.吸气时右腿向后伸直抬离地面，再将左手向前伸直抬离地面；3.右侧臀部向下保持臀部平行，脚趾回勾，后脚跟内侧用力向后，前方肩膀向后找向臀部，下腹部上提，眼睛看向前方一个固定点；4.缓慢将左手抓住右脚背向上延展，保持身体重心均衡、稳定；5.保持5-8次呼吸；6.退出体式时，回到猫式或婴儿式放松。,1.拉伸肩部、胸部、腹部与大腿前侧；2.增强上背部、肩膀与核心肌群的力量；3.提升平衡感与专注力。,如有背部、髋部、肩膀或膝盖发炎，请勿练习。,髋部歪斜。解决方式：上方臀部向下沉。重心都压在手腕和后膝上。解决方式：后方脚背向下推地减轻膝盖的压力（或者膝下方垫毛毯）下方手的虎口位置压实地面
87,扭转半月式,1.站立前屈进入；2.手指接触地板，放在脚尖前方12-18英寸的地方；3.将重心转移到右腿；4.吸气，左腿向后向上伸直，与地面保持平行；5.调整好之后，向右侧打开胸腔，右手向天花板延伸；6.左腿继续向后延展。站立腿发力向上收紧，保持髋部与地板垂直。目光注视上方右手；7.保持5-8次平稳的呼吸；8.退出体式时，上方腿缓慢落回，回到站立前屈式。,1.加强踝关节，小腿肚，膝盖，大腿，背部和核心的肌肉；2.增加脊柱灵活性；消除大腿外侧过多的脂肪；3.舒缓下背痛和坐骨神经痛，改善双脚的血液循环；4.提升身体的平衡感和专注力。,如有踝关节，臀部，肩膀或者背部的炎症，请勿练习。,下方支撑腿和脚无法稳定。解决方式：初学者可用瑜伽砖来保持稳定。扭转时身体不延展。解决方式：有基础的学员控制下方大脚趾内侧压实地面，大腿前侧收紧向上
88,站立腿上提扭转式,1.山式站立进入；2.重心移到左腿上；3.抬起右脚，用右手的食指与中指勾住大脚趾；4.向前方伸直右腿，进入手抓大脚趾伸展式；5.用左手抓住右脚的外侧；6.呼气，松开右手指，慢慢地将肩膀转向右侧；7.右手向后方伸展，眼睛看向右肩，胸腔保持上提，下方大腿有力上提稳定身体的重心；8.保持5-8次稳定的呼吸；9.退出体式时，吸气头颈肩转向前方，右臂向前收回，呼气松开左手，放下右脚，回到山式站立。,1.拉伸腿筋、髋部、和胸部、肩部；2.增强脚踝、腿部、核心肌群、腰背部和手臂的力量；3.提升平衡感和专注力。,如脚踝、腰背部或肩膀发炎，请勿练习。,下方支撑腿无法稳定。解决方式：1.初学者可抓小腿外侧来保持稳定。2.有基础的学员控制下方大脚趾内侧压实地面。两臀不在一条水平线。解决方式：两臀保持水平
89,站立腿上提式,1.山式站立；2.双手扶髋，吸气，抬起右腿向上与地面平行，绷脚背；3.利用核心肌群和大腿肌肉保持腿部抬高；4.脊柱向上延展，放松肩膀；5.坚持5-8次稳定的呼吸。6.退出体式时，呼气，弯曲右膝，回归山式。,1.增强大腿和核心肌群的力量；2.提升平衡感和专注力。,如脚踝、髋部或膝盖发炎，请勿练习。,上身躯干过于向后。解决方式：上身垂直与地面。上方腿不能平行与地面。解决方式：上方脚抬离地面，做到自己的位置即可。
90,站立手抓大脚趾伸展式,1.山式站立进入；2.重心移到左腿上；3.双手扶髋，吸气，抬起右脚，用右手的食指与中指勾住大脚趾；4.呼气时，向前方伸直右腿，进入手抓大脚趾伸展式；5.吸气时，胸腔上提，呼气，将右腿向外打开，眼睛看向前方；6.双肩保持平行，下方腿伸直，将脚内侧压实地面，大腿肌肉上提；7.眼睛看向前方专注一个凝视点；8.保持5-8次稳定的呼吸；9.退出体式时，吸气，右腿向前回正，呼气，松开右手，屈右膝回到山式。,1.拉伸髋部、腿筋和腹股沟肌肉；2.增强腿部、背部、核心肌群、手臂的力量；3.提升平衡感和专注力。,如有脚踝、髋部、腰背部或肩膀发炎，请勿练习。,下方支撑腿无法稳定。解决方式：控制下方大脚趾内侧压实地面。上方腿无法伸直。解决方式：初学者可扶到小腿外侧，或使用伸展带辅助。对侧的髋部过多向外推送解决方式：收腹核心向上，将髋部回正。
91,站立头触膝式,1.山式站立进入；2.重心移到左腿上；3.吸气，曲右膝，双手抓住右脚；4.呼气，伸直右腿，上身向下靠近右脚，额头碰触膝盖；5.下方脚内侧压实地面，大腿肌肉上提；6.眼睛看向鼻尖；7.保持5-8次稳定的呼吸；8.退出体式时，吸气，上身起身，呼气，松开双手右腿落回，回到山式,1.拉伸腿部后侧和腰背部；2.增强上背部、核心肌群、手臂和肩膀的力量；3.提升平衡感和专注力。,如有脚踝、膝盖、腰背部或肩膀发炎，请勿练习。,下方支撑腿无法稳定。解决方式：控制下方大脚趾内侧压实地面，大腿前侧肌肉向上收紧
92,站立手抓大脚趾式,1.山式站立进入；2.重心移到左腿上；3.双手扶髋，吸气，抬起右脚，用右手的食指与中指勾住大脚趾；4.呼气时，向前方伸直右腿，进入手抓大脚趾伸展式；5.将前方肩膀向后双肩保持平行，下方脚内侧压实地面，大腿肌肉上提；6.眼睛看向前方专注一个凝视点；7.保持5-8次稳定的呼吸；8.退出体式时，松开右手，屈右膝回到山式。,1.拉伸腿部后侧、髋部；2.增强脚踝、腿部、核心肌群、腰背部、肩膀和手臂的力量；3.提升平衡感和专注力。,如脚踝、腰背部或肩膀发炎，请勿练习。,下方支撑腿无法稳定。解决方式：控制下方大脚趾内侧压实地面，大腿前侧肌肉向上收紧。两肩没有在一条直线。解决方式：拉动前方肩部向后移动。上方腿无法伸直。解决方式：使用伸展带帮助伸直腿
93,单腿前屈伸展式,1.由下犬式开始；2.吸气，右腿向上，抬高，呼气时，右脚向前迈到双掌间；3.左脚抬离地面，重心转移到右脚和双手；4.吸气，抬起左腿尽量向上抬高，上方脚趾去够天花板，双腿伸直尽量保持垂直；5.呼气，用右手握住右小腿，将胸口贴近大腿，左手指尖撑地；6.保持5-8次稳定的呼吸；7.退出体式时，呼气并放下左脚，回到下犬式；,1.拉伸腰背部、腿筋、大腿、腹股沟肌肉和小腿肚；2.增强脚踝、膝盖和大腿的力量；3.防止内脏下垂；4.提升平衡感和专注力。,如腰背部、髋部、膝盖或脚踝发炎，请勿练习。,下方支撑腿无法稳定。解决方式：控制下方大脚趾内侧压实地面，大腿前侧肌肉向上收紧，做到自己的极限即可。髋部保持左右水平。解决方式：骨盆摆正，不翻髋
94,虎式,"1.从四肢着地，猫式进入；2.确认双肩在手腕正上方,髋部在膝盖正上方；3.吸气,抬起右腿,直到右腿与地板平行,然后弯曲右膝脚趾尖朝上，小腿与地面保持垂直；4.让骨盆保持中立,双手五指大大张开；5.保持5-8次呼吸；6.退出体式时,把膝盖落于垫子上回到猫式。",1.增强臀肌、腰背部、核心肌群力量；2.拉伸髋部和髂腰肌；3.提升身体平衡感和专注力。,如有背部、髋部、膝盖或手腕发炎，请勿练习。,髋部歪斜。解决方式：上方腿的臀部下沉，髋部平行。耸肩。解决方式：肩远离耳朵，颈部舒展
95,趾尖式,1.山式站立；2.双手扶髋，重心移向右脚，先找平衡点；3.吸气，弯曲左膝，髋部向外打开，用手将左脚放在右腿大腿根部上方；4.呼气，前屈身体向下，指尖触碰身体前方的地板；5.慢慢地弯曲右膝，将右脚跟抬高，臀部坐向脚跟；6.慢慢把手抬起，双手合十在胸前；7.目视前方，延展脊柱背部保持直立，肩膀放松；8.保持5-8次稳定的呼吸；9.退出体式时，呼气时双手推地，伸直右腿。吸气时双手扶髋，起身松开左脚，回到山式。,1.增强脚踝部、小腿、大腿和核心肌群的力量；2.增加膝盖和髋部的柔韧性；3.提升平衡感和专注力。,如有脚踝、膝盖或髋部发炎，请勿练习。,重心不稳定。解决方式：可尝试单手触地，来保持稳定，根据身体的稳定后在尝试双手合十于胸前。腰背无法挺直。解决方式：提胸腔向上，腰背挺直
96,树式,1.山式站姿进入；2.双手扶髋，抬左腿屈左膝向上，双手从内侧扶住脚踝脚掌心贴到左大腿根部内侧，左膝向外伸展，先找到身体的稳定和呼吸的稳定；3.吸气时，双臂向上伸展举过头顶，掌心相对，肩膀主动下沉；4.眼睛看向前方固定点，将右脚和左大腿内侧成对抗的力来稳定身体；5.保持5-8次平稳的呼吸；6.退出体式时，呼气时，双手扶髋，将左脚慢慢落回地面，回到山式。,"1.强化脚踝,小腿和大腿肌肉力量；2.增加膝盖,髋部和肩膀的灵活性；3.紧实胸背的肌肉，矫正脊柱弯曲，消除腰痛；4.提升平衡感,促进注意力集中","1.如有脚踝,膝盖,胯部或肩膀发炎,请勿练习。2.注意：上方脚避免踩到膝盖内侧，以免膝盖受伤。",下方支撑腿无法稳定解决方式：控制下方大脚趾内侧压实地面，大腿前侧肌肉向上收紧或将上方脚掌踩于小腿内侧。
97,战士三式,1.山式站立进入；2.右脚向后撤一小步脚跟抬离地面，吸气双手臂向上伸直到耳朵两侧三指相扣，食指指向上方；3.重心转移到左脚，吸气时，双臂向前伸展，右腿向后向上抬离地面；4.将右腿和躯干平行于地面。下方左脚内侧下压地面左腿伸直且稳定。上方右腿跟和脚踝内侧用力向后瞪送，指尖有力向前，拉伸脊椎，注意髋部不要倾斜两端保持平行；5.坚持5-8次呼吸；6.退出体式时，吸气，双手拉动身体向上回正右脚落回地面，呼气时，回到山式。,1.增强大腿、脚踝、核心肌群、背部和肩膀的力量；2.拉伸腿筋和小腿；3.提升平衡感和专注力。,如肩膀、髋部或脚踝发炎，请勿练习。,下方支撑腿无法稳定解决方式：控制下方大脚趾内侧压实地面，大腿前侧肌肉向上收紧髋部倾斜解决方式：方腿的臀部下沉，髋部平行。
98,舞王式,1.山式站姿进入；2.把你的重心转移到左脚上面；3.吸气时弯曲右膝，右手抓住右脚踝；4.将左手慢慢向后抓住右脚，呼气时，双手拉动右脚向上延伸，保持右脚与头部和后脚平行或者高于头部；5.放松肩膀，保持胸腔打开，并且保持站立的左脚稳定，内侧大脚趾下压地面，左大腿前侧肌肉上提；6.保持5-8次平稳的呼吸；7.退出体式时，轻轻地松开双手，右脚落回地面回到山式站姿。,1.伸展肩膀，胸部，腹部，大腿和腹股沟的肌肉；2.加强腿部和脚踝力量及稳定性；3.提升平衡感和专注力。,如有颈部、肩部，腰间盘突出和髋部炎症，请勿练习。,下方支撑腿无法稳定解决方式：控制下方大脚趾内侧压实地面，大腿前侧肌肉向上收紧腰椎出现疼痛解决方式：每个呼气时肋骨内收，其次根据自身的情况，不可勉强身体，如出现疼痛立刻停止。
99,舞蹈式中级,1.山式站姿进入；2.把你的重心转移到左脚上面；3.吸气时弯曲右膝，右手抓住右脚踝；4.抬起左手臂越过头顶；5呼气时，抬起右脚向上，高于头部。放松你的肩膀，上方左手臂向前延伸，与地面平行；6.保持站立的左脚稳定大脚趾内侧下压地面，左大腿前侧肌肉上提；7.保持5-8次平稳的呼吸；8.退出体式时，吸气身体向上回正，呼气，轻轻地松开右手，右脚落回地面回到山式站姿。,1.伸展肩膀，胸部，腹部，大腿和腹股沟的肌肉；2.加强腿部和脚踝力量及稳定性；3.提升平衡感和专注力。,如有颈部、肩部、腰间盘突出和髋部炎症，请勿练习。,下方支撑腿无法稳定解决方式：控制下方大脚趾内侧压实地面，大腿前侧肌肉向上收紧
100,桌子式,1.从山式坐姿进入；2.双手在臀部后方指尖指向臀部，屈双膝脚掌心踩地，膝关节距离与髋部同宽；3.吸气胸腔上提，呼气双手推地，臀部慢慢向上抬离地面，头部、上身、大腿保持平行成一条直线，手指大大的张开（重心不要完全压在掌跟上）；4.保持5-8次稳定的呼吸；5.退出体式时，呼气，缓慢将臀部落回地面，回到山式坐姿。,1.增强双腿、核心肌群、背部、手臂和手腕的力量；2.该体式可增强全身肌肉力量，为后仰支撑的体式做准备。,如处于孕期，抑或肩膀、手腕处有发炎及女性经期请勿练习。,重心都压在手掌跟部解决方式：双手五指分开，虎口压实地面，双脚内侧用力
101,鹤禅式,1.下犬式进入；2.双脚向前走到双手的后侧，收腹提臀，双脚跟向上抬离地面，双膝抵住大臂的内侧；3.抬头双脚缓慢抬离地面，小腿与地面平行；4.眼睛看向前方；5.保持5-8次稳定的呼吸；6.退出体式时，呼气双脚慢慢落地，回到下犬式或婴儿式休息。,1.增强核心肌群、手臂和手腕的力量；2.舒缓因打字和用电脑引起的手腕、手臂僵硬，还可缓解精神紧张。,1.如处于孕期，抑或肩膀、手腕处有发炎及女性经期请勿练习。,手腕压过大解决方式：腹部向上提，小臂垂直地面，避免手腕压力过大。身体向前倒解决方式：若不能进入此体式，不要勉强，建立好核心力量后再做挑战。
102,海豚平板式,1.板式支撑进入；2.缓慢屈肘小臂与掌心压实地面，眼睛看向地面；3.整个身体保持一条直线，腰部不要塌陷；4.保持5-8次呼吸；5.退出体式时，屈膝跪地，臀部坐向脚跟回到婴儿式。,1.增强腿部、核心肌群、背部、手臂和手腕的力量；2.该体式可增强全身肌肉力量，为头倒立和蝎子式体式做准备。,1.如有肩膀、手腕处发炎，及女性经期请勿练习。2.孕妇请勿练习,向下塌腰，耸肩解决方式：将腹部内收上提，肩膀向后远离耳朵
103,八曲式,1.坐立山式进入；2.双手环抱右小腿，平行左右轻轻摇摆放松髋关节，然后将右膝放于右肩上方，小腿自然向下落于右胸腔的旁侧；3.双手与臀部两侧，五指大大的张开，呼气时，收腹拱背将臀部和左腿抬离地面；4.缓慢屈肘身体向下，双腿向右侧伸直的同时双腿夹住右大臂（大臂与地面保持平行），左脚踝勾住上方右脚踝，眼睛看向前方地面；5.保持5-8次稳定的呼吸；6.退出体式时，呼气，放下你的臀部到地面上，松开勾住的踝关节回到山式坐姿休息。,1.加强肩膀，手臂，手腕，核心肌肉；2.拉伸后背的下半部分和后腿肌腱；3.改善平衡和保持注意力的集中。,如有手腕，手肘或者肩膀的炎症及女性经期请勿练习。,手腕压过大解决方式：将双手虎口处压实地面，重心向前推臀部太重解决方式：靠腰腹力量将臀上提
104,莲花式支撑,1.全莲花坐姿进入；2.弯曲右膝盖，将右脚置于左大腿根部之上脚掌心朝上；3.左脚重复以上动作，到莲花座；4.手掌放在胯部两侧的垫子上；5.呼气，双手用力按压地板，收紧腹部拱背向上，将双腿和臀部抬离地面；6.保持5-8次稳定的呼吸，或者更长；7.退出体式时，呼气，臀部落地，回到莲花坐姿。,1.增强手臂、手腕和核心肌群的力量；2.拉伸髋部、膝盖与脚踝；3.使背部肌肉和腹部器官更强健；4.调整骨盆位置，防止内脏器官下垂。,如手腕、肩膀、髋部、膝盖或脚踝部位有炎症及女性经期请勿练习。,臀部向下解决方式：收腹拱背，提臀部向上膝关节不舒适解决方式：膝关节不舒适可小腿交叉
105,平板式,"1.从猫式进入；2.脚趾回勾,腿往后蹬,让脚跟与头顶心找到向两侧延伸的力的同时保持身体成一条直线；3.确保双肩在手腕正上方；4.将大腿前侧上提,尾骨向下卷动，眼睛向下看；5.保持5-8次呼吸，或者更长；6.保持30秒到一分钟；7.退出体式,膝盖落地,回到四肢着地的猫式或者婴儿式休息。","1.强化手腕,双臂,腹部，尤其是强化腹横肌力量；2.塑造全身肌肉线条；3.也是为手臂支撑体式的准备动作。","如有手腕或肩膀发炎、女性经期,请勿练习。",塌腰向下，手腕压力过大解决方式：将腹部内收上提，双手虎口处压实地面。
106,侧鹤式,1.山式站立进入；2.呼气，到前屈，左手肘来到右大腿上，屈双膝到扭转幻椅式，双手做祈祷状；3.充分向右侧扭转上半身；4.手掌按在双脚右侧的垫子上，与髋部同宽；5.臀部放在右手前臂上，膝盖放在左手前臂上；6.慢慢前倾身体，直到双脚自然离开垫子；7.肩部保持水平，目视前方；8.保持5-8次稳定的呼吸；9.退出体式时，呼气时双脚返回垫子，吸气时起身到前屈，呼气，回到山式。,1.增强手腕、手臂、胸部、肩膀和核心肌群的力量；2.提升脊柱肌肉的柔韧性与力量；3.提升身体平衡感和专注力。,如有手腕、膝盖、肩膀或后背发炎，请勿练习。,重心不稳定解决方式：双臂向中线夹力量集中在中线。臀部过重解决方式：靠腰背力量上提
107,后仰支架式,1.山式坐姿，双脚并拢进入；2.手掌在臀部后方的地板上五指大大张开，手指朝向臀部方向；3.吸气时胸腔向上延展，呼气时，臀部向天花板方向抬高，双腿保持伸直脚趾踩向地面；4.头部处于中正的位置（眼睛看向肚脐）或微微放松后仰（眼睛看向鼻尖）；5.保持5-8次稳定的呼吸；6.退出体式时，吸气时抬起头部，呼气时臀部慢慢地落地，回到山式坐姿。,1.拉伸胸部、腹部、臀部屈肌和大腿；2.增强臀肌、大腿、核心肌群、上背部和手臂的力量；3.可作为前屈体式的恢复动作。,如手腕、肩膀或髋部发炎，请勿练习。,大脚趾无法落地解决方式：双脚跟向外分开，保持双脚成内八。手腕压力过大解决方式：手指张大并且向回抓垫子，启动大臂力量
108,四柱式,1.平板式进入；2.呼气，身体慢慢地下降，直至上臂与地面平行，身体与地面保持空间；3.腿部和躯干呈一条直线，手肘向内夹紧身体，肩胛骨区域展开保持平整，不要向内塌陷；4.保持3-5次平稳的呼吸；5.退出体式时，呼气时身体落地，趴在垫子上休息。,1.增强核心肌群、背部、手臂和手腕的力量；2.该体式可增强肌肉力量，为难度更高的手臂支撑体式做准备。,1.如有肩膀、手腕处发炎，请勿练习；2.孕妇请勿练习。,塌腰向下解决方式：收腹部向上耸肩解决方式：肩部向后拉手腕压力过大解决方式：大臂与小臂呈90度
109,坐立双臂支撑式,"1.坐立山式进入；2.双手与臀部两侧，五指大大的张开，呼气时,收腹拱背将臀部和双腿抬离地面，绷脚背；3.每次呼气时将腹部向内收，保持拱背的状态（注意：手指尖去抓地，手腕不要有过多的压力；4.保持5-8次稳定的呼吸；5.退出体式时，呼气臀部和双腿落回，回到山式坐姿放松。",1.增加手腕、核心肌群和腿部力量；2.刺激按摩腹部内脏器官；3.为难度更高的手臂平衡体式做准备。,手腕有炎症及生理期、孕妇的女性，请勿练习。,脊背无法延展解决方式：臀下方垫毛毯或瑜伽砖腿后侧拉伸疼痛解决方式：臀下方垫毛毯或瑜伽砖，感觉身体有拉伸感即可
110,乌鸦式,1.下犬式进入；2.吸气双脚向前走到双手腕的外侧靠前，呼气，屈膝臀部向下，屈肘大腿放于手臂上方；3.五指大大的张开，双腿缓慢向上抬离地面，尽量保持双腿向两侧伸直，抬头眼睛看向前方，保持手臂重心稳定；4.保持5-8次均匀的呼吸；5.退出体式时，呼气双脚缓慢落回地面，回到下犬式。,1.增强核心肌群、手臂和手腕的力量；2.伸展髋部和大腿内侧；3.舒缓因打字和用电脑引起的手腕、手臂僵硬，还可缓解精神紧张。,1.如肩膀、手腕处发炎，处于孕期请勿练习。2.高血压请勿练习,臀部离地面太近解决方式：收腹臀部与双腿保持一条直线。腿向下滑解决方式：腿部收紧，腰背部发力上提
111,香蕉式,1、仰卧进入2、上半身移到左侧，固定臀部，双手于头顶上方互抱手肘，右腿置于左小腿上3、闭合双眼，保持5-8次深呼吸，或者更长4、退出体式，右腿放于地面，解开双臂，回正归于仰卧位,1、伸展臀外侧、侧腰、腋窝及淋巴系统2、修复身体，舒缓心情,髋部、腰背部有病症，请勿练习。,问：骨盆高低不平怎么办？答：有意识下沉，骨盆过高的一侧，尽量调整到左右水平
112,挺尸式,1、仰卧进入2、双脚分开与肩同宽，手臂外旋置于身体两侧，肩外展放松，掌心朝上3、保持2-5分钟自然呼吸4、唤醒身体，活动手脚，转动手腕脚踝5、退出体式，屈膝身体倒向右侧，左手推地，回到简易坐姿,1、放松肌肉、神经、骨骼及身体细胞2、缓解失眠、调理心脏疾病、高血压、呼吸系统3、放松身心，平静大脑,背部、骶骨有病症的人群，请勿练习,问：挺尸式可以睡着吗？答：若是在完整的瑜伽课程中，尽量不要昏睡，挺尸式依然是需要觉知体式，目的是复原习练中消耗的能量。问：睡前可以用挺尸式助眠吗？答：当然可以，会更快找到放松状态。
113,半仰卧屈膝式,1、仰卧进入2、屈双膝脚掌踩地，腰背部贴地，轻柔闭合双眼3、保持5-8次深呼吸，或者更长4、退出体式，呼气双腿伸直到仰卧,1、放松肌肉、神经、骨骼及身体细胞2、缓解失眠、调理心脏疾病、高血压、呼吸系统3、放松身心，平静大脑,背部、骶骨有病症的人群，请勿练习,问：腰部不能平铺地面，怎么办？答：腹部内收，尾骨朝脚跟方向内卷，充分舒展下腰部；若是腰椎强直，需要与地面留有一掌空间。
114,鱼式,1、仰卧进入2、双腿并拢伸直，掌心朝下放于臀部下方3、呼气时收腹，弯曲肘部推地，胸腔向上提4、头顶心点地，凝视眉心，绷直脚背，脚尖朝下5、保持5-8次深呼吸6、退出体式，轻抬头部，下背、中背、上背部缓慢落于地面，回到仰卧,1、舒展腹部、胸部、肩颈肌肉2、加强背部力量，美化颈部线条3、理疗背部与肩颈疼痛,颈部或肩膀、肘部有炎症，请勿练习,问：感觉脖颈有压力，怎么办？答：说明肩背部力量薄弱，加大肘推地的力。
115,鱼式高级,1、仰卧进入2、双手放在臀部下方，掌心朝下3、手肘推地，挺起胸腔向上，手肘向中间靠近，头顶心点地，双腿缓慢向上抬离地面，伸直与地面倾斜45度4、腹部收紧，控制腿部高度不变5、保持5-8次深呼吸6、退出体式，双腿落回地面，缓慢将头部抬离，舒展颈后侧7、屈膝双手环抱小腿于胸前，前后滚动，缓解背部肌肉,1、舒展腹部、胸部、肩颈肌肉2、加强背部、腿部及核心力量，美化颈部线条3、理疗背部与肩膀疼痛,颈部或肩膀、肘部有炎症，请勿练习,问：抬起双腿后，感觉头顶压力加大，怎么办？答：意识专注到腹部核心的力量控制，躯干控制力增强，头部代偿会随之减小。问：腹部隆起怎么办？答：呼气时，回收腹部靠向脊柱即可，注意不憋气。
116,快乐婴儿式,1、仰卧进入2、弯曲双膝，将双膝贴向胸部3、双手抓脚外侧4、小腿垂直于地面5、双膝自然下沉，充分展开髋关节6、保持5-8次深呼吸，或者更长7、退出体式，松开手，伸直双腿回到平躺,1、深度拉伸臀部与下腰背2、舒缓腰骶僵紧3、放松身体，平静大脑,膝盖、髋部、背部有炎症，谨慎练习,问：耸肩向上怎么办？答：双肩舒展并下压地面，保持胸部平展
117,单腿锁腿式,1、仰卧进入，背部紧贴地面2、弯曲右膝靠向胸部3、双手交叉抱住右膝4、保持5-8次深呼吸5、退出体式，松开手，伸直右腿回到仰卧,1、消除肠胃胀气、缓解便秘2、舒展背部与臀部肌肉3、按摩腹部脏器，消除腰腹多余脂肪,背部、腹部、臀部有炎症，谨慎练习。,问：腰背部僵紧适合练习吗？答：这是非常好的理疗腰背体式。问：容易耸肩怎么办？答：保持双肩远离耳朵，背部贴实地面，胸部平展。
118,双腿锁腿式,1、仰卧进入，背部紧贴地面2、吸气时，弯曲双膝靠向胸部3、双手交叉抱住双膝，肩膀下沉放松4、保持5-8次深呼吸5、退出体式，松开手，双膝伸直，回到仰卧,1、消除肠胃胀气、缓解便秘2、舒展背部与臀部肌肉3、按摩腹部脏器，消除腰腹多余脂肪,背部、腹部、臀部有炎症，谨慎练习,问：腰背部与臀部肌肉，有酸痛感，怎么办？答：说明腰背部存在肌肉僵紧现象，可以减小动作幅度，将手放于膝盖窝处即可。
119,仰卧手抓脚趾伸展式,1、仰卧进入2、弯曲右膝靠向胸前，用右手食指、中指与大拇指钳住大脚趾3、右腿伸直，脚后跟蹬向天花板4、左腿紧贴地板延展，双肩舒展放松5、保持5-8次深呼吸6、退出体式，解开手指，伸直右腿，回到仰卧,1、舒展髋部、腹股沟、腿后侧与跟腱2、打开髋关节，加速骨盆血液循环3、改善腿部浮肿，美化双腿线条4、理疗腰背部,腿部筋腱、髋部发炎，请勿练习,问：手抓住脚后不能伸直，怎么办？答：使用瑜伽伸展带作为辅助，可根据自身腿部柔韧性调节长度。
120,仰卧束角式,1、仰卧进入2、弯曲双膝，脚掌心相对（脚跟尽量靠近耻骨）膝盖打开并放松3、吸气，双臂举过头顶，双手互抱手肘4、呼气，放松肩膀与髋部及大腿内侧5、保持1-2分钟深呼吸，或者更长6、退出体式，双手帮助将膝盖合并，伸直双腿，回到仰卧,1、舒缓髋部、腹股沟与肩膀2、调节血压，缓解下背部疼痛、静脉曲张和坐骨神经痛3、改善消化不良与肠胃胀气4、增强肾功能，改善泌尿系统功能，减少女性痛经与白带过多4、平静大脑，舒缓神经,髋部、膝盖、肩膀发炎，请勿练习,问：双腿无法平展落于地面，膝盖翘起过高，怎么办？答：双膝外侧放两块瑜伽砖或毛毯，不强求腿内侧格外舒展，循序渐进练习即可。
121,仰卧手抓脚趾式,1、仰卧进入2、右膝弯曲到胸前，右手食指与中指、大拇指，钳住大脚趾3、右腿伸直，蹬出脚后跟4、将右腿展开向身体右侧，确保两侧臀部均匀沉向垫子5、保持5-8次深呼吸。6、退出体式，抬起右腿，呼气时，伸直右腿，回到仰卧,1、拉伸髋部、腹股沟、腿内侧与跟腱2、打开髋关节，加速骨盆血液循环3、改善腿部浮肿，美化双腿线条4、理疗腰背部,腿部筋腱、髋部发炎，请勿练习,问：手抓住脚后不能伸直，怎么办？答：使用瑜伽伸展带作为辅助，可根据自身腿部柔韧性调节长度。
122,仰卧鸽式,1、仰卧进入2、右脚放在左大腿上，脚趾回勾3、左脚离开垫子，双手十指交叉抱住左腿胫骨（小腿骨）4、呼气时，膝盖拉向胸部，感受腰背与臀部舒展5、保持5-8次深呼吸，或者更长6、退出体式，松开双手，双脚踩回地面,1、充分拉伸髋部、臀部外侧2、平静大脑，舒缓心情3、理疗坐骨神经痛,膝盖、髋部发炎，请勿练习,问：膝盖翘起很高，感觉骨盆很僵紧，怎么办？答：说明大腿内侧过于僵紧，可用手推膝关节，帮助舒展。问：臀部抬离地面太高，怎么办？答：尽量使腰背部下压地面，帮助下背部舒展。
123,仰卧扭转式,1、仰卧屈膝进入2、手臂展开与肩膀平齐，掌心朝下3、双膝靠向胸前4、呼气，将双腿向右侧扭转，直到右膝落于地面5、保持左肩贴向地板6、头部向左扭转，放松颈部7、保持5-8次深呼吸，或者更长8、退出体式，将双膝摆正，回到仰卧,1.伸展腹部核心肌群、胸肌与背肌2、消除颈肩腰背及脊柱疼痛3、按摩腹腔消化系统，缓解便秘4、释放压力，平静大脑,背部、肩膀、脊柱或髋部发炎，请勿练习,问：扭转时，感觉呼吸不畅，怎么办？答：在扭转前，先让脊柱伸展拉长，扭转后，持续观察胸腔或腹腔的呼吸起伏。
124,侧卧单腿伸展式,1、仰卧于地面2、身体反转向右侧，右手托住头部（右耳的旁侧）3、弯曲左膝，左手食指、中指与大拇指钳住左脚趾，并伸直左腿向上，脚趾尖指向天花板4、眼睛看上方脚趾，放松肩膀5、保持5-8次深呼吸，或者更长6、退出体式，弯曲左腿下落，回到仰卧,1.拉伸髋部、腿部与跟腱2、打开髋关节，加强骨盆血液循环3、改善腿部浮肿，美化双腿线条,髋部或肩膀发炎，请勿练习,问：手抓住脚后不能伸直，怎么办？答：使用瑜伽伸展带作为辅助，可根据自身腿部柔韧性调节长度。
125,幻椅式,1.山式站姿进入2.双脚并拢，大脚趾内侧并拢，双手扶髋，呼气时，臀部下蹲弯屈双膝，吸气时手臂向上伸直，大臂置于耳朵两侧，呼气时肩膀下沉，腹部肋骨内收3.抬头看向双掌间，保持5-8次呼吸4.注意膝关节不能超过脚尖，用背阔肌的力量将肩膀拉向臀部5.退出体式时，吸气伸直双腿，呼气手臂落回到山式站姿,1.加强背部、腿部力量和踝关节的稳定性及身体平衡性。2.缓解肩部僵硬及腰背疼痛3.提升横膈膜，心脏也会得到轻柔的按摩。,脚踝有病症的人群，请勿练习。,耸肩解决方式：肩膀放松肋骨外翻解决方式：呼气时肋骨内收膝关节超过脚尖解决方式：重心向后坐，感觉像坐在椅子上。
126,幻椅扭转式,1.山式进入；2.呼气时，弯曲双膝臀部向下坐，双手合十于胸前，将右侧大臂外侧抵住左膝外侧，翻转胸腔向上，转头眼睛看向左上方；3.注意臀部不要向一侧倾斜，指向正后方，上方肩膀向后向下沉；4.双手掌心互推，大姆指指向胸口的正中间，腹部与大腿保持空间，不要压在大腿上方，专注于呼吸的稳定；5.保持5-8次呼吸；6.退出体式时，呼气转头看地面，松开双手回到站立前屈时放松；,1..加强背部、腿部力量和踝关节的稳定性及身体平衡性；2.缓解肩部僵硬及腰背疼痛；3.按摩腹部器官，缓解便秘，放松僵紧的背部。,1.脚踝和肩膀有病症的人群，请勿练习；2注意膝关节不要超过脚尖。,上身压在大腿上解决方式：上身远离大腿骨盆歪斜解决方式：骨盆均匀向后推送腹股沟挤压解决方式：腹股沟柔软
127,幻椅式扭转侧伸展式,1.幻椅式进入；2.双手合十于胸前，呼气时上半身扭转向右侧，双臂打开伸直并上下保持垂直，掌心朝外；3.转头眼睛看向上方手指尖；4.注意臀部不要向一侧倾斜，指向正后方，上方肩膀向后向下沉；5.专注于上背部的扭转，保持呼吸的稳定；6.保持5-8次呼吸；7.退出体式时，呼气，转头看地面，双手落回脚两侧，双腿伸直伸展腿部后侧，放松到站立前屈式。,1..加强背部、腿部力量和踝关节的稳定性及身体平衡性；2.缓解肩部僵硬及腰背疼痛；3.按摩腹部器官，缓解便秘，放松僵紧的背部。,1.脚踝和肩膀有病症的人群，请勿练习；2.注意膝关节不要超过脚尖。,上身压在大腿上解决方式：上身远离大腿骨盆歪斜解决方式：骨盆均匀向后推送。
128,侧角捆绑式,1.战士二式进入，2.上方左手到身体后侧掌心朝外，右手穿过右膝下方抓住背后的左手腕，3.吸气抬头看向上方，胸腔延展，呼气，上方肩膀向后延伸，让背部与后腿保持成一条直线，5.上半身尽量向上远离大腿，后脚内外侧均匀推地，后腿内侧上提，6.保持5-8次稳定的呼吸，7.退出体式时，低头看地面，呼气，松开双手到脚两侧，回到下犬式。,"1.加强脚踝,大腿和核心肌群，2.伸展胯部,腹股沟,大腿内侧及侧腰部，3.治疗颈部以及肩关节部位的疼痛，4.缓解颈椎僵直症，有很好的疗效，还可改善驼背姿态","如果膝盖,肩膀或颈椎发炎,请勿练习。",双手与背后扣不到一起解决方式：双手与背后抓住伸展带
129,简易侧角式,"1.战士二式进入;2.呼气时，弯曲右侧手肘放于右大腿上方，吸气，上方左手臂向上延伸到耳朵旁侧转头眼睛看向上方天花板，呼气时将肩膀下沉放松;3.双脚要保持均匀推地，后腿内侧要有力上提;4.保持5-8次稳定的呼吸;5.退出体式时,用左腿和核心力量把身体回到战士二式.","1.加强脚踝,大腿和核心肌群。2.伸展胯部,腹股沟,大腿内侧及侧腰部3.治疗颈部以及肩关节部位的疼痛。4.缓解颈椎僵直症，有很好的疗效，使得脊椎骨骼柔韧，并提高精神集中。","如果膝盖,肩膀或颈椎发炎,请勿练习",含胸拱背，胸腔朝下解决方式：翻转胸腔指向正前方前腿部压力过大解决方式：后腿内侧收紧上提下侧腰挤压解决方式：下侧腰同等舒展
130,侧角式,描述；1.战士二进入；2.把左脚的重心转向垫子的前面；3.弯曲你的左腿直到膝盖正对着你的踝关节，调成你必要的距离；4.把你的左手移到你的左脚内侧，把你的右边手臂抬起来并且贴着你的右耳朵，手掌朝下，建立一个直线延长你的右脚到右手指尖；5.挤压你的右脚到垫子上，把腹部拉进来，联结你的臂肌和确保你的臀部和胸部保持在打开的方向，在你的垫子上；6.慢慢地把你的头转过来看着上方；7.保持30秒到1分钟；8.结束的时候，吸气用你的右脚和核心的肌肉抬起你的身体，恢复。,"1.加强脚踝,大腿和核心肌群；2.伸展胯部,腹股沟,大腿内侧及侧腰部；3.治疗颈部以及肩关节部位的疼痛；4.缓解颈椎僵直症，有很好的疗效，使得脊椎骨骼柔韧，并提高精神集中。","如果膝盖,肩膀或颈椎发炎,请勿练习。",含胸拱背，胸腔朝下解决方式：翻转胸腔指向正前方前腿压力过大，重心不均衡解决方式：后腿内侧收紧上提下侧腰挤压解决方式：下侧腰同等舒展
131,女神式,1.山式站姿进入；2.右脚向右侧打开，双脚分开宽过与肩，双脚分别向外分开45度；3.吸气，双臂向上伸直，呼气，下蹲屈膝并弯曲手肘，指尖朝上，掌心朝外；4.大腿与地面保持平行；5.肩膀朝下用力，挺胸，微微翘起臀部以保持脊柱延伸；6.保持5-8稳定的呼吸；7.退出体式时，吸气，伸直双腿，手臂向上伸直，呼气，放松放下手臂，转身回到垫子前端山式站姿。,1.伸展腹股沟，髋部和大腿内侧肌肉群；2.加强踝关节，大腿和臀部力量，塑造臀腿部线条有很好的效果。,如有脚踝、膝关节、腿部，臀部或者肩膀的炎症，请勿练习。,上半身过于向前解决方式：提胸腔向上，上背部向后靠膝关节不舒适解决方式：膝盖朝向脚趾的方向
132,起跑扭转式,1.山式站立；2.呼气，上身前屈，右脚后退一步，做起跑式；3.吸气，胸腔向前延展，将双手合十于胸前，呼气扭转向左侧；4.展开胸腔，双手掌心互推，大手指指向胸腔正中间；5.目光注视左上方，两边髋部保持平行（不要向一侧倾斜）；6.保持5-8次呼吸；7.退出体式时，呼气低头看地面，后脚一步向前收回，回到前屈，并放松身体，吸气，起身回到山式站立。,1.拉伸肩膀，核心肌肉，上背部灵活脊柱，腹股沟的肌肉；2.加强腿部和臀部力量、身体的平衡感；3.按摩腹部内脏，防止便秘，具有排毒的功效。,如有臀部，颈部或者肩膀的炎症，请勿练习。,双手的位置在上方胸腔或者上方肩膀处解决方式：保持双手掌心互推的力，大拇指指向胸腔的中线。腹股沟挤压解决方式：腹股沟柔软
133,高位起跑式,1.山式站立进入；2.双手扶髋，右腿向后撤一大步，脚跟上提，转动右侧髋部向前的同时后腿内侧有力上提，吸气双手臂向上延伸，大臂到耳朵两侧，掌心相对；4.确保左膝位于脚踝的正上方且对准前方第二脚趾；5.吸气的同时将手臂举过头顶，掌心相对；6.手臂轻微后摆，扩展胸腔，身体微微后仰。尾椎内收，保护腰背部；7.肩膀放松，目视两手之间的地方；8.坚持5-8次稳定的呼吸；9.退出体式时，呼气双臂落回髋两侧，吸气，后脚一步向前回到山式。,1.伸展髋部和肩部，扩张胸腔；2.增强足弓、脚腕、膝部和大腿的力量及身体的平衡感；3.改善消化系统和循环系统的功能，缓解坐骨神经痛等症状。,"1.如果有胯部,膝盖或肩膀发炎的问题,请勿练习。2.此体式较耗体力，心脏较弱的人不宜做这个体式，即使身体较为强健的人也最好不要在这个体式上停留过长的时间。",骨盆倾斜解决方式：前方大腿根部向后重心在前腿，后腿伸不直解决方式：后退内侧上提，后膝自然会伸直
134,山式,"1.双脚并拢或打开与胯宽,脚跟稍微比脚趾更宽一些；2.提起脚趾,之后张开平铺于垫子上；3.将身体重量平均分布于双脚；4.肚脐找向脊柱方向,让尾骨自然下沉；5.尾骨向前收,大腿骨向后推,找到相反方向的对抗力量；6.延长脖子后侧,头顶找向天花板；7.双臂自然落于身体两侧,肩膀放松,脸部放松；8.在体式当中感到稳定性,专注于力量,平衡和放松之间的平衡；9.舒适地保持5-8次呼吸，或者更长。","1,通过伸展脊柱矫正不良姿势；2.使身体每个部分调整归位；3.防止因衰老而引起的脊柱、腿脚的老化；4.山式是一个恢复身体活力和能力的姿势，可以增强身体的平衡和稳定感。","1.如脚踝有不适者,请勿练习；2.膝关节不适的学员可保持微屈双膝。有坐骨神经痛、或骶骨有病变的人谨慎练习。",塌腰，肋骨外翻解决方式：呼气，肋骨内收
135,摩天式,"1.山式站立；2.吸气,双手十指相扣,翻转掌心向上；3.缓慢提起脚跟向上；4.感觉身体向上拉长,并保持重心平衡；5.保持5-8次深长的呼吸；6.退出体式,先将脚跟落回地面，呼气,松开双手，回到山式。",1.拉伸侧腰，手臂外侧，伸展脊柱促进身体顺位；2.挺拔上身，塑造良好体态，按摩腹部器官；3.塑造小腿肌肉线条，增强身体的平衡稳定性；4.此体式早上练习非常适宜。,如有肩膀、脚踝炎症，请勿练习。,耸肩向上解决方式：肩膀保持下沉双脚站不稳解决方式：脚踝向内收或在小腿内侧夹砖
136,反战士式,1.战士二进入；2.吸气，右臂向耳朵方向伸展，左手自然向下扶于左腿上方；3.抬头眼睛看向上方手指尖；4.保持均匀的呼吸、前膝垂直脚踝并向外打开对准第二脚趾，后脚外侧用力推地、腹部内收，以免腰椎受到挤压；5.感受侧腰的伸展；6.呼气，双手引领身体回到战士二式；7.退出时吸气，伸直右腿，换边练习。转动右脚向内收回，左脚向外打开90度，呼气，臀部向下沉。,1.加强臀部、腿部、核心肌群和手臂的力量及强健脚踝稳定性；2.拉伸肩部、肋间肌和腹斜肌、髋部；3.帮助放松，平静头脑。,1.如有背部、肩膀、膝盖或髋部发炎，请勿练习。,重心不均匀，前腿压力较大解决方式：后腿内侧有力上提，分担前腿压力
137,侧角扭转伸展式,1.山式站立；2.呼气，上身前屈，右脚后退一步，做起跑式；3.右手接触垫子，右转胸腔放于左脚外侧。左膝外侧抵住右肩膀后侧；4.向左侧展开胸腔，伸出左臂，指向天花板；5.目光注视左手之间，压脚根的同时右腿尽力向后拉伸；6.保持5-8次呼吸；7.退出体式时，呼气低头看地面，后脚一步向前收回，回到前屈，并放松身体，吸气，起身回到山式站立。,1.增强脚踝、大腿、肩部、核心肌群和腰背部的力量；2.拉伸髋部、大腿内侧、胸部，还可缓解背部僵紧肌肉；3.促进全身的平衡发展。腰部的扭转可激发腰椎和腹部器官的活力，促进肠胃蠕动和消化过程。,如脚踝、背部、肩膀或髋部发炎，请勿练习。,重心不均匀，前腿压力较大解决方式：1.做不到的学员可后膝落地来保持。2.后腿内侧上提，后膝伸直扭转空间小解决方式：将腹腔向上提，延展脊柱后再扭转
138,三角扭转伸展式,1.山式站立进入；2.呼气，上体前屈，右脚后撤，脚尖向外侧扭转45度；3.吸气，右手掌放在右脚外侧的垫子上；4.呼气，向左侧转动肩膀，伸直左臂，指向天花板；5.调整髋部两端平行，扭转头部，目视左手；6.双脚内侧均匀下压地面；7.保持5-8次稳定的呼吸；8.退出体式时，呼气，低头看地面，两手扶地，吸气，上身直立向上，向前迈一步，呼气，回到山式站立。,1.拉伸腿筋、胯部、腰背部和胸部；2.增强臀部、腿部肌肉力量；3.增加脊柱下部的血液循环，消除背部疼痛；4.提升平衡感和专注力。,1.如背部或髋部发炎，请勿练习；2.注意扭转式呼吸的稳定与流畅。,双脚重心不稳解决方式：初学者下方手推砖来保持稳定骨盆歪斜解决方式：有意识的将前方腹股沟向后推送，保持骨盆端正
139,站立扭转体前屈,1.山式站立进入；2.吸气时抬起双臂，呼气身体向下前屈，进入站立前屈；3.左手放在脚趾头前方的垫子上；4.弯曲右膝，向左侧转动肩膀，并扩展胸腔；5.左臂抬起指向天花板，转动头部，目视指尖；6.保持5-8次稳定的呼吸；7.退出体式时，呼气，将左手放到垫子上，回到前屈。吸气时向上，回到山式。,1.拉伸腿筋、腰背部、肩膀和胸部；2.增强上背部的核心肌群的力量；3.缓解背部疼痛，刺激按摩腹部内脏器官。,如有背部或肩膀发炎，请勿练习。,胸腔朝向下解决方式：下方手可推砖来保持。胸腔指向正前方呼吸急促、混乱解决方式：保持呼吸自然和稳定
140,风吹树式,1.山式站立进入；2.吸气，双臂举过头顶，双手三指相扣，食指指向上方；3.呼气，上半身向右弯曲；4.指尖指向右侧，双臂紧贴耳侧，请勿向前倾斜；5.双腿、臀部和腹部轻微用力。平稳地呼吸，想象用胸骨去触碰天花板，胸腔打开双脚均匀用力踩地；6.保持5-8次呼吸；7.退出体式时，吸气并缓缓地收回身体，呼气的同时放松、回到山式。,1.增强腰髋部和肩膀的灵活性；2.使脊柱得到侧向的伸展；补充全身的精力，驱散睡意；3.促进消化和排泄；促进淋巴液的流动，帮助排毒并增加免疫力；4.此体式早上练习非常适宜。,如髋部、背部或肩膀发炎，请勿练习。,耸肩、手臂在面部前方解决方式：向下弯的幅度减少，将手臂放于耳朵两侧或者后侧，同时肩膀下沉
141,站立后弯,"1.山式站立进入2.双手掌扶髋部两侧3.胯部稍微向前,双肩后旋,开始让你的躯干往后4.抬头看向天花板,让手臂支撑你的重量,尾骨内收,双腿发力5.保持5-8次稳定的呼吸6.退出体式,吸气,从胸口开始把身体带起向上,呼气，回到山式",1.伸展腹前侧，改善驼背不良体态。2.强化后背部及核心肌肉。3.缓解内心焦虑，烦躁及轻微抑郁。,"如有后背,胯部或膝盖炎症,请勿练习。",肋骨外翻，鼓肚子解决方式：肋骨内收，腹部内收，根据自身情况将后弯幅度适当减小
142,站立侧腰伸展,"1.山式站立；2.吸气,双手举过头顶；3.呼气,左手往下直到左大腿,保持腹部微收,缓慢把你的左手掌向下,右手向上举过头顶；4.保持呼吸顺畅,双脚均匀压向地板；5.保持5-8次平稳的呼吸；6.退出体式,吸气时缓慢起身,呼气把双臂落回到身体两侧山式站姿。",1.增强腰髋部和肩膀的灵活性；2.使脊柱得到侧向的伸展；补充全身的精力，驱散睡意；3.促进消化和排泄；促进淋巴液的流动，帮助排毒并增加免疫力。,"如有胯部,后背或肩膀发炎的状况,请勿练习。",手臂在面部前方解决方式：向下弯的幅度减少，将手臂放于耳朵旁侧或者后侧，同时肩膀下沉
143,三角式,1.山式站立进入；2.双手扶髋，右脚向后腿一大步，身体转向垫子的侧面，大约一条腿长的距离；3.确保脚后跟的距离略宽于脚趾，双脚重心均匀；4.转动右脚向正前方，后脚为内扣，双臂向两侧伸展于肩平行；5.吸气左手伸向左侧，好比是你在用手够架子上的东西，身体不要前倾；6.左手向下触碰胫骨、脚踝或地板。检查双脚、胯部和肩膀是否处于同一平面上；7.右臂与地面垂直，掌心向前，肩膀放松；8.扭转头部，目视右手指尖；9.保持5-8次稳定的呼吸；10.退出体式时，呼气低头，吸气腿部与腹部肌肉用力上半身回到直立。,1.增强核心肌群、脚踝、膝盖和大腿的力量；2.拉伸胸部、肩膀、腹股沟肌肉、腿筋和髋部的柔韧性；3.防止因衰老而引起的脊柱、腿脚的老化；4.提升平衡感和专注力。,1.如背部、膝盖或髋部发炎，请勿练习。2.如有心脏病，建议靠着墙来练习，不要抬手臂，将上方的手臂放在髋部上。,上身含胸拱背解决方式：将下方手扶到小腿或者砖的上方，胸腔指向正前方。髋内扣解决方式：展开上方髋，后背好像靠着墙
144,战士一式,1.山式站立进入；2.双手扶髋，右向后撤一大步，脚尖微内扣，转动右侧髋部向前的同时后脚用力向下踩地，吸气双手臂向上延伸，大臂到耳朵两侧，掌心相对；4.确保左膝位于脚踝的正上方且对准前方第二脚趾；5.吸气的同时将手臂举过头顶，掌心相对；6.手臂轻微后摆，扩展胸腔，身体微微后仰。尾椎内收，保护腰背部；7.肩膀放松，目视两手之间的地方；8.坚持5-8次稳定的呼吸；9.退出体式时，呼气双臂落回髋两侧，吸气，后脚一步向前回到山式。,1.增强大腿、脚踝、臀肌、核心肌群、腰背部和肩膀的力量；2.拉伸腹股沟肌肉、髋部、胸部和肩膀；3.可作为后仰姿势的热身动作。,如肩膀、髋部、膝盖或脚踝发炎，请勿练习。,肋骨外翻解决方式：呼气时肋骨内收骨盆歪斜解决方式：推动前方臀部向后，将骨盆摆正
145,战士二式,1.山式站立进入；2.双手扶髋，右脚向后迈一大步，身体转向垫子的侧面，大约一条腿长的距离；3.确保脚后跟的距离略宽于脚趾，双脚重心均匀；4.转动右脚向正前方，后脚为内扣，吸气双臂向两侧张开，呼气时屈右膝臀部向下；5.转动头部，目光注视右手指尖；6.尾椎内收，腹部收紧，双臂向两侧延展。肩膀放松，不要耸肩；7.保持5-8次呼吸；8.退出体式时，呼气并放下双臂，后腿向前迈。吸气的同时直立上身，回到山式。,1.增强大腿、脚踝、臀肌、核心肌群、手臂和肩膀的力量。2.拉伸腹股沟肌肉、髋部和胸部。3.提升平衡感和专注力。,如肩膀、髋部或膝盖发炎，请勿练习。,上身躯干过于向前解决方式：上身躯干向后移动重心都在前腿解决方式：后退内侧上提，均衡前腿压力
146,双脚式站立,1.山式站立进入；2.双手扶髋，右脚向后腿一大步，身体转向垫子的侧面，大约一条腿长的距离；3.确保脚后跟的距离略宽于脚趾，双脚重心均匀；4.保持5-8次稳定的呼吸，或者更长；5.退出体式时，身体转向垫子的正前方，双脚并拢，回到山式。,1.增强脚踝、小腿和大腿的力量；2.伸展脊柱顺位、髋部和大腿内侧。,如脚踝、髋部或膝盖发炎，请勿练习。,双脚距离太近解决方式：保持一条腿长的距离
147,半莲花式,1.简易坐姿进入；2.用右手帮助抬高右腿放到左侧腹股沟上；3.坐骨均匀的到垫子上，并且伸展你的脊柱，头部扬起看向天花板的方向，放松双手，放在膝盖上面；4.放松你的肩膀；5.保持这个姿势，深长的呼吸，1-5分钟的时间或者更长（根据自身情况）；6.退出体式时，把右脚收回，回到简单的坐姿。,1.预防及治疗风湿症，哮喘和支气管炎。非常适做呼吸练习和冥想的坐姿；2.有助于使人的身体稳定、安宁，心灵和平；3.为全莲花体式做准备。,如骶骨、膝盖或者踝关节有炎症者，请勿练习。,膝关节高于髋关节解决方式：臀部下方垫砖或者毛毯脊背无法向上立直解决方式：前期选择靠墙练习
148,船式,1.山式坐姿进入；2.屈双膝脚掌心踩地，双手指尖点地放于臀部两侧，吸气时背部挺直胸腔上提，呼气时双腿向上伸直，双手向前伸直于双膝的两侧，掌心相对；3.眼睛看向脚趾，启动背阔肌拉动肩膀下沉，胸腔不断向上；4.下方坐骨保持稳定，控制呼吸的稳定；5.保持5-8次呼吸；6.退出体式时，呼气，屈双膝脚掌心踩地，回到山式坐姿。,1.强健腹部、大腿和背部肌肉；2.给骨盆输送健康的血液，按摩腹部器官。缓解腹部胀气，增强肾脏，减少腰部脂肪；3.提升身体的平衡性和专注力。,1.如膝盖，臀部，肩膀或者腹腔有炎症，请勿练习；2.背部要尽量挺直，使脊椎往上提，否则尾骨会往下压，导致背痛；3.经期、孕妇人群请勿练习。,上身含胸拱背，重心过于向后解决方式：屈双膝，将胸腔上提来保持此动作
149,束角式前屈,1.山式坐姿进入；2.屈双膝脚掌心相对，脚跟尽可能去靠近会阴处，双手与身体前侧指尖点地；3.吸气时胸腔上提背部保持延展，呼气时身体向下，慢慢将双臂向前伸直，低头放松；4.体式中要保持大腿根部的放松，自然的呼吸；5.保持5-8次呼吸，或者更长；6.退出体式时，双手指尖推地上身回到直立，双手扶双膝外侧缓慢并拢双腿伸直，回到山式坐姿放松。,1.伸展髋关节，使髋关节更加灵活，腹部以及背部会得到足够的血液供应；2.缓解坐骨神经痛；3.对于怀孕的女性可以减轻分娩的痛苦；4.改善肾脏功能，缓解经期疼痛。,如髋关节有炎症、腰间盘突出、女性患有子宫脱垂，请勿练习。,髋部过紧，膝关节高于骨盆解决方式：臀部下方可垫砖或毛毯
150,坐姿开肩式,1.简易坐姿进入；2.双手放与背后十指交叉掌跟合十；3.吸气时胸腔上提，背部保持延展，呼气时屈肘来到右侧腰部旁侧，将右侧肘部主动靠向左侧肘部，眼睛平视前方；4.感受肩膀前侧的伸展，下方双膝保持下沉放松，每次呼气时右肘主动靠向左肘：5.保持5-8次呼吸，或者更长；6.退出体式时，吸气，手臂向后伸直还原，呼气，松开双手回到简易坐姿。,1.伸展肩部和胸部，帮助打开僵紧的肩部；2.预防和改善肩膀内扣、含胸驼背等不良姿态。,如坐骨和肩膀、膝关节有炎症，请勿练习。,塌腰，肋骨向外翻解决方式：呼气时，肋骨内收，背部垂直与地面
151,牛面式,"1.简易坐姿进入;2.将双腿弯曲交叉右腿在上，左腿在下，脚跟贴向臀部的两侧，确保臀部均匀沉向地面;3.吸气双臂打开与肩平行，右侧大拇指向下，环绕向下向后，到背部的肩胛骨中间掌心朝外;4.左手慢慢向上，屈肘小臂落到后脑勺的位置，双手相扣同时互拉找到对抗的感觉,眼睛平视前方；5.保持胸腔上提，背部直立垂直于骨盆；6.保持5-8次呼吸；7.退出体式时，吸气松开双手，呼气松开双腿回到山式坐姿。",1.灵活肩部，伸展上背部肌肉，拉伸臀部，膝盖和脚踝；2.缓解和控制坐骨神经痛、膝关节疼痛等障碍；3.消除精神层面的紊乱与障碍，如情绪低落、沮丧、抑郁等。,如臀部，膝盖或者肩膀有炎症，请勿练习。,双手扣不到一起解决方式：双手借用伸展带来辅助含胸拱背解决方式：头顶心向上推，脊柱保持挺直向上。肋骨外翻解决方式：呼气时肋骨内收双膝不能重叠在一起解决方式：臀部下方垫砖，做到自己的位置即可
152,坐姿鸟王式,描述；1.简易坐姿进入;2.吸气时双臂向前伸直，右臂在上左臂在下，呼气时，双小臂互相缠绕，掌心相对大拇指指向自己;3.吸气肘关节向上提，伸展大臂外侧，呼气时将肩膀下沉，眼睛看向大拇指;4.保持5-8次均匀的呼吸;5.退出体式时，吸气松开双手向前伸直，呼气手臂落回膝盖上方还原简易坐姿.,1.灵活肩部，消除肩部僵硬感，加强手腕的灵活度;2.拉伸大臂外侧和上背部肌肉。,如臀部，膝盖或者肩膀有炎症，请勿练习。,耸肩向上解决方式：肩膀保持下沉肋骨外翻解决方式：呼气时，肋骨内收下背部无法延展解决方式：臀下方垫瑜伽砖或毛毯
153,简易坐姿,"1.找个舒适的盘腿坐姿;2.双手放在膝盖上方;3.放松胯部,膝盖,双肩和脸部;4.舒适地保持这个体式1-5分钟，或者更长;5.退出体式时，松开双腿放松;",1.有利于膝盖、脚踝等关节的健康，能增强两髋、两膝、两踝的灵活性，减轻或消除风湿和关节炎;2.非常适宜于做呼吸练习和冥想的坐姿;3.有助于使人的身体稳定而安宁，心灵和平。,"如有髋部,膝盖或脚踝发炎,请勿练习。",含胸拱背解决方式：胸腔向上，脊柱延展颈部过于向前解决方式：下颚向内收回下背部无法延展解决方式：臀下方垫瑜伽砖或毛毯
154,坐姿扭转式,1.简易坐姿进入；2.吸气，延伸脊柱；3.左手放于右侧膝盖上，右手指尖朝下，放在身体右后方；4.呼气，旋转右边肩膀向后；5.左手轻轻按住膝盖，身体慢慢向右后方延续旋转胸腔，眼睛看向右方肩膀；6.保持5-8次平稳的呼吸；7退出体式时，吸气，头部收回，双臂放松，身体回到简易坐姿。,1.拉伸背部肌肉，减少腰部脂肪；2.提高脊柱的灵活性，对脊柱神经和整个神经系统都有很好的放松效果；3.预防背痛和腰部风湿病，防止和治疗便秘，强健内脏,1.如有背部，臀部或者膝盖的炎症，请勿练习；2.如有脊柱侧弯的人群，请在医生或者老师辅助下练习。,重心过于向后解决方式：后方手的位置不要离身体太远。下背部无法延展解决方式：胸腔上提，脊柱向上垂直与地面或臀下垫瑜伽砖或毛毯。
155,半船式,1.山式坐姿进入；2.弯曲膝盖，双脚踩地，两手托住大腿后侧；3.吸气，身体稍微向后，双脚略微抬高地面，尾骨支撑，保持平衡；4.呼气，伸直双腿，平行于地面；5.肩膀放松，双手与膝盖平行；6.保持核心力量，提起胸部向上打开；7.保持5-8次均匀的呼吸；8.呼气，放下双腿，回到山式坐姿。,1.强健腹部、大腿和背部肌肉；2.给骨盆输送健康的血液，按摩腹部器官。缓解腹部胀气，增强肾脏，减少腰部脂肪；3.增加身体的平衡性和专注力。,1.膝盖，臀部，肩膀或者腹腔有炎症，请勿练习；2.背部要尽量挺直，使脊椎往上提，否则尾骨会往下压，导致背痛；3.经期、孕期的女性请勿练习。,拱背，重心过于向后解决方式：双手抓小腿，胸腔向上提耸肩解决方式：肩膀下沉
156,简易坐姿前屈,1.简易坐姿进入;2.把你的左脚放在你的右膝盖上面，右脚放于左膝盖下方;3.双手放于臀部两侧，指尖推地，吸气延长你的胸部;4.呼气时，双手向前延伸，带领身体向前向下延展，保持深长的呼吸;5.注意臀部要主动向下沉，感受背部有拉伸感;6.保持5-8次深长的呼吸，或者更长;7.退出体式时，吸气，上身缓慢直立起来，呼气松开双腿向前伸直放松.,1.深度的拉伸臀部，腹股沟肌肉和后背;2.挤压按摩内脏，促进肠胃消化蠕动;3.放松头脑，帮助减少压力.,如有膝盖，臀部或者后背下部分的炎症，请勿练习。,耸肩解决方式：肩膀放松，远离耳朵拱背解决方式：臀下方垫毛毯
157,半脊柱扭转,1.山式坐姿进入；2.弯曲你的右腿并且把脚放在左膝外侧，右脚内侧压实地面；3.右手放于身后，手指尖点地，左边的手肘抵着右膝盖外侧；4.吸气延展脊椎向上；5.呼气开始慢慢从胸腔转向右边；6.凝视点看向右肩的延长线；7.保持左右坐骨均匀下压地面，可以在每次呼气时向后加深一些扭转；8.保持5-8次呼吸；9.退出体式时，吸气，头部收回，松开右手肘，身体回到山式坐姿。,1.拉伸背部肌肉，减少腰部脂肪；2.提高脊柱的灵活性，对脊柱神经和整个神经系统都有很好的放松效果；3.预防背痛和腰部风湿病，防止和治疗便秘，强健内脏。,如有背部，臀部或者膝盖的炎症，请勿练习。,屈膝脚的内侧没有压实地面解决方式：屈膝脚内侧压实地面上身向后倾斜解决方式：上身垂直与地面呼吸急促、混乱解决方式：保持自然呼吸和放松
158,英雄跪姿,1.跪坐体式进入；2.拱背头顶心着地，臀部朝上，双手大手指拨动小腿肌肉向外拨开，将臀部坐向地面；3.双脚背落向地面，尽量让小脚趾压地，背部垂直骨盆，双手放于大腿上方，眼睛看向鼻尖；4.保持5-8次呼吸；5.退出体式时，右腿和左腿依次向前伸直，回到山式坐姿放松。,1.消除两脚脚跟的疼痛，促使形成适当的足弓度，有助于治愈扁平足；2.治愈膝部由于痛风和风湿症所引起的疼痛；3.晚上休息前练习，会帮助腿部放松。,如有膝盖或坐骨炎症，请勿练习。,臀部无法贴向地面，脚踝处疼痛解决方式：1.臀部下方垫砖或者毛毯2.根据自身情况来选择动作的幅度
159,鹭式,1.山式坐姿进入；2.弯曲右边膝盖并且把你的脚背放在右边的臀部外侧和英雄坐姿相近；3.弯曲你的左边膝盖脚掌心踩地，双手交叉抱住脚；4.确保两边的坐骨均匀沉向地面；5.缓缓伸直左脚往上抬离地面；6.保持你的脊柱延长，肩膀下沉放松，胸腔打开；7.保持5-8次呼吸；8.退出体式时，呼气弯曲左膝盖，放松双手，伸直双腿回到山式坐姿。,1.伸展大腿肌肉，尤其是N绳肌及小腿跟腱部分，消除脚部酸痛或抽筋现象，增加柔韧度；2.按摩髋部的器官，滋养内脏。促进下半身血液循环。,1.如果有臀部，膝盖或者踝关节炎症着，请勿练习；2.经期请勿练习。,耸肩解决方式：肩膀下沉，双手抓小腿或者膝后侧再将腿伸直上方腿伸不直解决方式：双手辅助瑜伽伸展带或者毛巾套住脚掌心来保持。
160,莲花式,1.简易坐姿进入；2.曲你的左腿和你的左_P坐在右腿上面，身w正η胺剑_跟N著骨盆；3.曲你的右膝，⒂夷_pp地放在左腿大腿根部的上方，和上一步E相似的方式；4.双膝均匀自然的沉向地面；5.双手放在双膝上；6.保持1-5分钟的时间，或者更长；7.退出体式时，用手帮忙，慢慢将双脚解开，回到山式坐姿放松。,1.预防及治疗风湿症，哮喘和支气管炎。非常适宜于做呼吸练习和冥想的坐姿；2.使神经系统充满活力，强壮脊柱和腹部器脏；3.放松两踝、两膝，使大腿结实，柔软髋和腿部；4.对患有神经和情绪问题的人们非常有益，助于人的身体稳定而安宁，心灵和平。,1.如臀部、膝盖或者踝关节有炎症者，请勿练习；2.初学者和髋部及踝关节较僵硬的习练者，不建议尝试此体式，以免受伤。,1.一侧脚踝疼2.双膝分的太开3.双膝高度不一样解决方式：要了解和觉知自身的情况，当身体出现疼痛，应退出此体式，或者减小体式的幅度，选择半莲花来保持
161,美人鱼式,1.猫式进入；2.右膝前移，紧挨右手内侧；3.向后伸展左腿，臀部下压，接触地面；4.双手按住垫子，向后展肩，尽力扩展胸腔，身体轻微后仰；5.左膝弯曲，左手向后伸展，抓住抬起的左脚；6.左脚沿小臂向上移动，直至固定在左臂的肘部；7.右臂举过头顶，弯曲肘关节，左右手手指于脑后相扣。目视前方，放松肩膀，延展脊柱；8.保持5-8次呼吸；9.退出体式时，呼气，释放左脚，松开双手，回到四肢着地的猫式。,1.充分拉伸髋部、大腿、腹股沟部位的肌肉以及腹部、肩膀与后背；2.增强上背部、肩部与核心肌群的力量；3.提升平衡感与专注力；,如脚踝、膝盖、髋部或肩部发炎，请勿练习。,双手扣不到一起，肋骨外翻解决方式：双手抓瑜伽伸展带，套在后脚背上方来保持。呼气时，将肋骨内收髋关节侧翻解决方式：髋关节中立在一个水平面
162,神猴式,1.下犬式进入；2.迈出左腿，确保左膝位于脚踝的正上方；3.呼气的同时伸直左腿，臀部向后压；4.左脚脚掌心逐渐离开垫子，用脚后跟着地；5.开始向前推送左脚的脚后跟，慢慢地伸直双腿。用双手进行支撑与调整；6.继续伸展脚后跟，直至左腿大腿的后侧与右腿大腿的前侧接触到垫子。确保双腿在一条直线上，骨盆不要向一侧倾斜，髋部保持平行；7.双臂举过头顶，目视前方，平稳地呼吸；8.保持5-8次稳定的呼吸，或者更长；9.退出体式时，呼气，将双手分置于左腿两侧，慢慢地收回左腿，回到下犬式。,1.充分拉伸腿部、腹股沟部位的肌肉；2.增强肩膀与核心肌群的力量；3.有助于治疗坐骨神经痛和其他腿部疾患，也能增强腿部，肌肉韧度和力量，保持腿部健康；4.建议跑步者和赛跑运动员定期练习这个体式。,1.如有腹股沟、髋部、或腿后筋肌发炎，请勿练习此体式；2.初学习练者请根据自身情况可尝试但不要强求，以免拉伤腿部。,髋部两端一前一后解决方式：双手握拳撑地，来调整髋部两端平行，幅度大小要根据自身情况来调整。
163,坐立前屈式,1.山式坐姿进入；2.吸气，手臂举过头顶，延展脊柱；3.呼气，做体前屈，躯干向前下压；4.保持后背的放松；5.随着每次吸气向前方延展脊柱，随着每次呼气，不断地将胸部贴近双腿；6.保持5-8次深长的呼吸；7.退出体式时，吸气起身，呼气，回到山式坐姿。,1.拉伸腰背部肌肉、腿部韧带、跟腱和髋部肌肉；2.对肝、胰腺和肾脏起按摩的作用，有助于肠胃蠕动，改善吸收系统；3.有助于放松精神平静大脑。,1.如髋部和腰间盘突出、请勿练习；2.女性孕妇请勿练习。,双腿无法伸直解决方式：可以弯曲膝盖，做到自己的极限即可脊背无法延展解决方式：臀下垫毛毯或者瑜伽砖，使脊背充分延展
164,坐立单腿头碰膝式,1.山式坐姿进入；2.弯曲右膝盖，脚掌心抵住左腿的内侧；3.右膝放松，向地板下压。确保髋部保持平行；4.吸气，双臂举过头顶，延伸脊柱；5.呼气，躯干向前下延伸；6.保持后背的平直，手扶左腿胫骨、脚踝或脚趾；7.随着每次吸气向前方延展脊柱，随着每次呼气，不断地将胸部贴近双腿；8.保持5-8次声场的呼吸，或者更长；9.退出体式时，吸气时起身，呼气回到山式坐姿。,益处；1.拉伸脊柱、腿部韧带、跟腱和髋部肌肉。提升髋部的柔韧性；2.有助于肝、胰腺和肾脏的按摩效果，改善肠胃蠕动及吸收系统；3.可达到放松、平和心境。,如髋部、膝盖或肩膀发炎，请避开此体式。,耸肩解决方式：肩膀放松拱背解决方式：腰部挺直向前向下下方腿无法伸直。解决方式：双手抓到小腿外侧，伸直下方腿，无需深入体式
165,坐姿扭转头触膝式,1.坐在地面上，双腿向两边打开，取坐角式；2.弯曲右膝，将右脚拉向骨盆；3.吸气，双臂上举，延展脊柱；4.呼气，身体向左腿方向下压，右手手指越过头顶，伸向左脚脚趾；5.左肩后侧抵住左膝内侧，确保右臂紧贴耳朵，不要从身前越过；6.目视天花板，双手握住左脚；7.保持5-8次深长的呼吸，或者更长；8.退出体式时，吸气起身，呼气放松双臂回到坐角式。,1.增强脊柱和髋关节灵活性，刺激脊柱的血液循环，缓解背部疼痛，同时拉伸腿部后侧肌肉；2.促进消化功能，还有助于治疗性无能，提高性控制能力。,1.如髋部、膝盖或肩膀发炎，请勿练习；2.如有脊柱侧弯习练者请根据老师专业指导下习练。,双手抓不到脚解决方式：双手借用伸展带套在脚掌心，或者将下方手臂放于小腿上方，上方手臂贴向耳朵方向即可。呼吸急促、混乱解决方式：保持呼吸自然，放松
166,坐立侧伸展式,1.简易坐姿，盘腿坐进入；2.吸气，双臂举过头顶；3.呼气，左手或左手肘撑左侧地面，向左侧倾斜躯干；4.右臂越过头顶向左伸直，手臂紧贴耳朵，保持胸腔打开，下方肩膀放松；5.保持5-8次深长的呼吸；6.退出体式时，吸气，左手臂推地并起身，呼气，放松双臂，回到坐姿简单式。,1.增强脊柱和髋关节灵活性，刺激脊柱的血液循环；2.拉伸侧腰部，缓解背部疼痛；3.消除疲劳，强健心脏和腹部器官。,如髋部或肩膀发炎，请勿练习。,耸肩，同侧坐骨没有压实地面解决方式：1.双肩膀放松2.同侧坐骨主动下沉
167,牛面式前屈,1.山式坐姿进入；2.双手向前掌心压地，四肢着地式；3.将右腿盘绕到身体左侧，右膝放在左膝上面，右脚跟放于左臀旁侧；4.确保重心处在正中，两边臀部均匀沉向地面；5.吸气，胸腔和脊柱向上延展，呼气，双手前移，带动躯干下压，在双腿上放松；6.保持5-8次深长的呼吸，或者更长；7.退出体式时，吸气，双手慢慢推地上身向上，松开右腿回到山式坐式。,1.伸展背部，大腿外侧、髋部及脚踝，提升髋部的灵活度；2.缓解和控制坐骨神经痛、膝关节疼痛及腿部痉挛；3.消除精神层面的紊乱与障碍，如情绪低落、沮丧、抑郁等。,如膝盖、髋部或腰背部发炎，请勿练习。,身体无法向下前屈解决方式：将额头下方垫砖（砖的高度根据自己来选择）双膝无法上下重叠解决方式：臀部下方垫毛毯或减小动作幅度
168,简易牛面式,1.选择简易式坐姿，小腿自然交叉进入;2.左臂伸到背后，手肘弯曲，手背抵住脊椎，指尖朝上;3.右臂举过头顶，弯曲手肘，右手在背后与左手相扣;4.保持5-8次深长的呼吸;5.退出体式时，松开双手，取坐姿简单式，双手置于双膝上休息。,1.放松肩关节，扩张胸部。使双腿肌肉柔软有弹性;2.缓解腿部痉挛，矫正背部变形，缓解肩部疼痛，控制坐骨神经痛、膝关节疼痛等障碍;3.消除精神层面的紊乱与障碍，如情绪低落、沮丧、抑郁等。,"如有肩部、髋部、膝盖或脚踝发炎,请勿练习。",双手无法相扣在一起解决方式：双手与背后借用伸展带或毛巾来辅助。拱背解决方式：臀下方垫瑜伽砖或毛毯。
169,简易苍鹭式,1.山式坐姿进入；2.弯曲左膝，左脚跟靠向耻骨；3.弯曲右脚，脚掌心踩地；4.双手在右脚脚底十指相扣；5.慢慢地伸直并抬起右腿，放松肩膀，眼睛看向上方脚趾；6.拉伸脊柱，打开胸腔；7.保持5-8次深长的呼吸；8.退出体式时，呼气，双手松开右脚，回到山式坐姿。,1.伸展大腿肌肉，尤其是N绳肌及小腿跟腱部分，消除脚部酸痛或抽筋现象，增加柔韧度；2.按摩髋部的器官，滋养内脏。促进下半身血液循环。,1.如果有臀部，膝盖或者踝关节炎症者，请勿练习；2.经期请勿练习。,耸肩、拱背解决方式：肩膀下沉，提胸腔向上上方腿伸不直解决方式：双手抓小腿或者膝后侧在将腿伸直或使用伸展带辅助。
170,山式坐姿,1.简易坐姿进入；2.两腿向前方伸直，大腿发力，脚后跟向前伸；3.将手掌或指尖放在臀部两侧的地板上；4.双手下压，微微抬起躯干，延展脊柱；5.腹部肌肉用力，通过头顶和坐骨分别向上下伸展；6.保持5-8次均匀的呼吸；7.退出体式时，盘腿而坐，回到简易坐姿。,1.拉伸腿部后侧，增强背部力量；2.提升身体的敏感度，矫正不良身姿；3.为静坐、冥想积蓄力量。,如手腕或背部发炎，请勿练习。,塌腰，肋骨外翻解决方式：脊柱垂直与地面，在呼气时肋骨内收。下背部拱起解决方式：臀下方垫瑜伽砖或毛毯。
171,坐角式高级,1.山式坐姿进入；2.弯曲膝盖，用双手的食指和中指等钳住双脚的大脚趾；3.吸气，双腿抬离地面，尽力向两侧劈开；4.挺胸，核心肌群发力，防止背部拱起；5.延伸脊柱，脚尖回扣，后脚跟蹬出，尽力伸直双腿，保持肩部放松；6.保持5-8次呼吸；7.退出体式时，双脚并拢，呼气时放下双腿，回到山式坐姿式。,1.拉伸髋部、腿部后侧。加强髋部和腿部的柔韧性；2.促进骨盆区域的循环。缓解坐骨神经痛及轻微疝气；3.刺激子宫对女性有很好的益处；4.提高身体的平衡感和专注力。,如尾椎骨、髋部、膝盖或肩膀发炎，请勿练习。,含胸拱背解决方式：胸腔上提，脊柱垂直于地面坐骨前后不稳定解决方式：双手抓住小腿后侧
172,坐角式体前屈,1.坐角式进入；2.确保脚趾头指向天花板的方向；3.指尖放在臀部的后方，吸气时扩展胸腔并上提；4.呼气时，双手来到身体前方的地面，慢慢地向前移动；5.必要的时候可以原地稍作休息，让拉伸的痛感稍作缓解，之后再继续动作；6.保持深长的呼吸，5-8次呼吸；7.退出体式时，吸气时双手指尖推地慢慢向上收回，身体坐直回到坐角式。,1.拉伸髋部、腿部后侧。加强髋部和腿部的柔韧性；2.促进骨盆区域额的循环。缓解坐骨神经痛及轻微疝气；3.刺激子宫对女性有很好的益处；4.达到放松、平静心情。,如尾椎骨、髋部、膝盖或肩膀发炎、腰间盘突出者，请勿练习。,上身拱背，无法向下解决方式：身体下方可加一个抱枕，或者双手放于小腿上方，保持腰背挺直向下腿部摆放不正确解决方式：膝盖与脚尖都朝上
173,坐角式扭转头碰膝,1.山式坐姿进入，两腿尽可能地向两边打开，到坐角式；2.吸气，抬起双臂，拉伸脊柱；3.呼气，身体向左腿倾斜，右手越过头部去找左脚脚趾；4.两侧坐骨均匀下沉地面，不要离开地面；5.左肩膀抵住左膝内侧，扩展胸腔；6.确保右臂紧贴耳朵；7.保持5-8次深长的呼吸；8.退出体式时，吸气，上身向上回正，双臂举过头顶。呼气时放下双臂回到坐角式。,1.拉伸侧腰、髂腰肌和腿部的柔韧性；2.促进骨盆区域的循环。缓解坐骨神经痛及轻微疝气；3.刺激子宫对女性有很好的益处；4.达到放松、平静心情。,如髋部、肩膀或膝盖发炎，请避开此体式。,双手抓不到脚解决方式：双手借用伸展带套在脚掌心，或者将下方手臂放于小腿上方，上方手臂贴向耳朵的方向即可。
174,坐角式,1.山式坐姿进入；2.双腿向两侧打开；3.脚趾保持回勾（脚趾间朝上）找到脚踝的内侧向两侧延伸到坐角式；4.保持5-8次深长的呼吸；5.退出体式时，坐角式不动，可以进入下个体式。,1.拉伸髋部、腿部后侧。加强髋部和腿部的柔韧性；2.促进骨盆区域的循环。缓解坐骨神经痛及轻微疝气；3.刺激子宫对女性有很好的益处；4.达到放松、平静心情；5.可用作其他坐角式体式的热身动作。,如髋部或膝盖发炎，请避开此体式。,上身含胸拱背解决方式：双手与臀部后侧推地，将腰背挺直
175,摇篮式,1.山式坐姿进入；2.完全右膝，双手环抱右侧小腿，将脚掌心放在左侧手肘内侧；3.吸气，胸腔上提，背部延展，呼气，左右来回摇摆，放松髋关节；4.慢慢将右小腿贴向胸口；5.保持5-8次稳定的呼吸。6.退出体式时，呼气松开双手回到山式坐姿,1.伸展髋关节，拉伸臀部外侧肌肉，增加髋关节的灵活性，促进髋部周围的血液循环。2.此体式为做莲花式做准备。,如有髋部、膝盖发炎，请勿练习。,含胸拱背解决方式：胸腔上提，将脊柱垂直地面
176,站立趾尖式,1.山式进入；2.双手扶髋，屈膝臀部向下坐，吸气，双臂向前伸直；3.脚跟慢慢向上抬离地面，（双脚踝保持稳定，大腿与地面平行，臀部向下卷动，背部保持向上延展，肩膀放松，双臂与地面平行）眼睛凝视前方；4.保持稳定的呼吸。5.退出体式时，吸气双手扶髋，脚跟落回地面，呼气双腿伸直回到山式,1.加强腿部力量和踝关节的稳定性及身体平衡性；2.塑造手臂线条；3.平和心境。,1.如有脚踝炎症，请勿练习。,重心过于向前解决方式：提胸腔向上，上背部向后崴脚踝解决方式：1.脚踝内侧靠近2.可将砖夹在小腿中间
177,谦卑战士,1.战士二进入；2.双手到背后十指交叉掌跟合十，吸气胸腔上提，脊柱延展；3.呼气，身体向下延伸，将头部放于左小腿内侧，后脚跟上提且伸直后腿；4.低头，眼睛看向后脚，上方手臂向后向下延伸。肩胛骨向中间收拢；5.保持双脚均匀受力，后腿有力上提；6.保持5-8次稳定的呼吸；7.退出体式时，吸气双手臂拉回上身直立起来，呼气，松开手回到下犬式。,1.拉伸腹股沟的肌肉，胸部和肩膀，增加肩关节灵活性；2.加强腿部和臀部力量，强健脚踝稳定性；3.帮助放松，平静头脑。,如有肩膀，臀部，颈椎或者踝关节的炎症，请勿练习。,重心不均匀，前腿压力较大解决方式：后腿内侧有力上提，分担前腿压力
